Reg,St,Site Name                                                                ,,Site ID,EPA ID,Address,City,Zip,County,,,FF?,Latitude,Longitude,Deleted Date,,
‭01‬,CT,CHESHIRE GROUND WATER CONTAMINATION,,‭0100265‬,CTD981067317,604 WEST JOHNSON AVENUE ,CHESHIRE,06410,NEW HAVEN,,,N,‭+41.557500‬,‭-072.910830‬ ,07/02/97,,
‭01‬,CT,NUTMEG VALLEY ROAD,,‭0100250‬,CTD980669261,NUTMEG VALLEY ROAD ,WOLCOTT,06716,NEW HAVEN,,,N,‭+41.574800‬,‭-072.998600‬ ,09/23/05,,
‭01‬,CT,REVERE TEXTILE PRINTS CORP.,,‭0100121‬,CTD004532610,RAILROAD AVENUE ,STERLING,06377,WINDHAM,,,N,‭+41.708330‬,‭-071.829160‬ ,09/02/94,,
‭01‬,MA,CANNON ENGINEERING CORP. (CEC),,‭0100585‬,MAD079510780,FIRST ST ,BRIDGEWATER,02324,PLYMOUTH,,,N,‭+41.972700‬,‭-071.025600‬ ,09/24/13,,
‭01‬,MA,FORT DEVENS-SUDBURY TRAINING ANNEX,,‭0100685‬,MAD980520670,HUDSON RD ,SUDBURY,01775,MIDDLESEX,,,Y,‭+42.406940‬,‭-071.475270‬ ,01/29/02,,
‭01‬,MA,MATERIALS TECHNOLOGY LABORATORY (USARMY),,‭0100953‬,MA0213820939,OFF OF US HWY 20/N BEACON ST ,WATERTOWN,02172,MIDDLESEX,,,Y,‭+42.360410‬,‭-071.166110‬ ,11/21/06,,
‭01‬,MA,NORWOOD PCBS,,‭0100732‬,MAD980670566,NEAR RTE 1 & DEAN STREET ,NORWOOD,02062,NORFOLK,,,N,‭+42.180830‬,‭-071.192500‬ ,05/31/11,,
‭01‬,MA,PLYMOUTH HARBOR/CANNON ENGINEERING CORP.,,‭0100726‬,MAD980525232,CORDAGE PARK ,PLYMOUTH,02360,PLYMOUTH,,,N,‭+41.979600‬,‭-070.685400‬ ,11/19/93,,
‭01‬,MA,SALEM ACRES,,‭0100727‬,MAD980525240,57 MARLBORO RD ,SALEM,01970,ESSEX,,,N,‭+42.503000‬,‭-070.931300‬ ,07/23/01,,
‭01‬,ME,O'CONNOR CO.,,‭0101031‬,MED980731475,"EASTERN AVE, RT 17 ",AUGUSTA,04330,KENNEBEC,,,N,‭+44.301910‬,‭-69.736940‬ ,07/22/14,,
‭01‬,ME,PINETTE'S SALVAGE YARD,,‭0101036‬,MED980732291,GARDNER CREEK RD ,WASHBURN,04786,AROOSTOOK,,,N,‭+46.778200‬,‭-068.170100‬ ,09/30/02,,
‭01‬,ME,SACO TANNERY WASTE PITS,,‭0101014‬,MED980520241,FLAG POND RD ,SACO,04072,YORK,,,N,‭+43.560550‬,‭-070.426380‬ ,09/29/99,,
‭01‬,NH,TOWN GARAGE/RADIO BEACON,,‭0101162‬,NHD981063860,HOLTON CIRCLE ,LONDONDERRY,03053,ROCKINGHAM,,,N,‭+42.861660‬,‭-71.393610‬ ,07/21/14,,
‭01‬,RI,DAVIS (GSR) LANDFILL,,‭0101292‬,RID980731459,TARKILN RD. ,GLOCESTER,02828,PROVIDENCE,,,N,‭+41.917460‬,‭-071.588110‬ ,08/13/99,,
‭01‬,VT,DARLING HILL DUMP,,‭0101477‬,VTD980520118,OFF RTE 114 ,LYNDON,05851,CALEDONIA,,,N,‭+44.554500‬,‭-071.984400‬ ,09/29/99,,
‭01‬,VT,"TANSITOR ELECTRONICS, INC.",,‭0101435‬,VTD000509174,WEST RD ,BENNINGTON,05404,BENNINGTON,,,N,‭+42.877780‬,‭-073.266660‬ ,09/29/99,,
‭02‬,NJ,ASBESTOS DUMP,,‭0200769‬,NJD980654149,TIFA SQUARE ,MILLINGTON,07946,MORRIS,,,N,‭+40.672500‬,‭-074.525560‬ ,07/12/10,,
‭02‬,NJ,BEACHWOOD/BERKELEY WELLS,,‭0200767‬,NJD980654123,ATLANTIC CITY BLVD ,BERKELEY TOWNSHIP,08722,OCEAN,,,N,‭+39.924710‬,‭-074.196660‬ ,01/06/92,,
‭02‬,NJ,COMBE FILL NORTH LANDFILL,,‭0200719‬,NJD980530596,GOLDMINE ROAD ,MOUNT OLIVE TOWNSHIP,07828,MORRIS,,,N,‭+40.881930‬,‭-074.713330‬ ,06/02/04,,
‭02‬,NJ,COOPER ROAD,,‭0200793‬,NJD980761381,COOPER ROAD ,VOORHEES TOWNSHIP,08043,CAMDEN,,,N,‭+39.847800‬,‭-074.945500‬ ,02/22/89,,
‭02‬,NJ,CROWN VANTAGE LANDFILL,,‭0204492‬,NJN000204492,ADJ. TO DELAWARE RIVER 1/2 MI. SOUTH OF  BOUNDARY LINE W/MILFORD BOROUGH,ALEXANDRIA TOWNSHIP,08848,HUNTERDON,,,N,‭+40.552020‬,‭-75.078910‬ ,08/28/15,,
‭02‬,NJ,DELILAH ROAD,,‭0200614‬,NJD980529002,DELILAH & MILL ROADS ,EGG HARBOR TOWNSHIP,08221,ATLANTIC,,,N,‭+39.416660‬,‭-074.545830‬ ,10/13/09,,
‭02‬,NJ,DENZER & SCHAFER X-RAY CO.,,‭0200321‬,NJD046644407,HICKORY LANE ,BAYVILLE,08721,OCEAN,,,N,‭+39.909160‬,‭-074.170830‬ ,12/29/98,,
‭02‬,NJ,FEDERAL CREOSOTE,,‭0204097‬,NJ0001900281,VALERIE DRIVE & LOUISE DRIVE ,MANVILLE,08835,SOMERSET,,,N,‭+40.544440‬,‭-74.584160‬ ,06/18/14,,
‭02‬,NJ,"FLORENCE LAND RECONTOURING, INC., LANDFILL",,‭0200625‬,NJD980529143,CEDAR LANE EXT ,FLORENCE TOWNSHIP,08518,BURLINGTON,,,N,‭+40.069430‬,‭-074.773610‬ ,05/13/04,,
‭02‬,NJ,FORT DIX (LANDFILL SITE),,‭0201164‬,NJ2210020275,JULIUSTOWN-BROWNS MILLS RD ,PEMBERTON TOWNSHIP,08562,BURLINGTON,,,Y,‭+39.980100‬,‭-074.624400‬ ,09/24/12,,
‭02‬,NJ,FRIEDMAN PROPERTY,,‭0200741‬,NJD980532832,INTERSECTION OF RTS 537 & 539 ,UPPER FREEHOLD TWP,08514,MONMOUTH,,,N,‭+40.104800‬,‭-074.507700‬ ,03/07/86,,
‭02‬,NJ,GLEN RIDGE RADIUM SITE,,‭0200996‬,NJD980785646,CARTERET ST ,GLEN RIDGE,07028,ESSEX,,,N,‭+40.788180‬,‭-074.212500‬ ,09/02/09,,
‭02‬,NJ,GRAND STREET MERCURY,,‭0204030‬,NJ0001327733,722 GRAND STREET ,HOBOKEN,07030,HUDSON,,,N,‭+40.746110‬,‭-074.034440‬ ,09/18/07,,
‭02‬,NJ,HOPKINS FARM,,‭0200742‬,NJD980532840,ROUTE 539 ,PLUMSTEAD TOWNSHIP,08533,OCEAN,,,N,‭+40.088880‬,‭-074.487500‬ ,08/27/02,,
‭02‬,NJ,INDUSTRIAL LATEX CORP.,,‭0201073‬,NJD981178411,350 MT. PLEASANT AVENUE ,WALLINGTON BOROUGH,07057,BERGEN,,,N,‭+40.853600‬,‭-074.099100‬ ,04/21/03,,
‭02‬,NJ,JACKSON TOWNSHIP LANDFILL,,‭0200549‬,NJD980505283,LAKEHURST AVENUE ,JACKSON TOWNSHIP,08527,OCEAN,,,N,‭+40.063330‬,‭-074.348610‬ ,09/13/95,,
‭02‬,NJ,KRYSOWATY FARM,,‭0200670‬,NJD980529838,HACKENBERRY & 3 BRIDGES ,HILLSBOROUGH TOWNSHIP,08853,SOMERSET,,,N,‭+40.500280‬,‭-074.780000‬ ,02/22/89,,
‭02‬,NJ,LODI MUNICIPAL WELL,,‭0200825‬,NJD980769301,VARIOUS LOC IN BORO ,LODI,07644,BERGEN,,,N,‭+40.872910‬,‭-074.093610‬ ,12/29/98,,
‭02‬,NJ,M&T DELISA LANDFILL,,‭0200474‬,NJD085632164,RTS 35 & 66 ,ASBURY PARK,07755,MONMOUTH,,,N,‭+40.229160‬,‭-074.045280‬ ,03/21/91,,
‭02‬,NJ,MANNHEIM AVENUE DUMP,,‭0200773‬,NJD980654180,MANNHEIM AVENUE ,GALLOWAY TOWNSHIP,08213,ATLANTIC,,,N,‭+39.538880‬,‭-074.533330‬ ,08/27/07,,
‭02‬,NJ,MONROE TOWNSHIP LANDFILL,,‭0200570‬,NJD980505671,MATCHAPONIX AVE. BLOCK 148 LOT B7 ,MONROE TOWNSHIP,08520,MIDDLESEX,,,N,‭+40.361660‬,‭-074.401380‬ ,02/03/94,,
‭02‬,NJ,MONTCLAIR/WEST ORANGE RADIUM SITE,,‭0200997‬,NJD980785653,N/A ,MONTCLAIR/WEST ORANGE,07044,ESSEX,,,N,‭+40.792900‬,‭-074.225700‬ ,09/02/09,,
‭02‬,NJ,PEPE FIELD,,‭0200653‬,NJD980529598,WOOTTON & HILLSIDE ,BOONTON,07005,MORRIS,,,N,‭+40.912210‬,‭-074.411930‬ ,07/11/03,,
‭02‬,NJ,PIJAK FARM,,‭0200738‬,NJD980532808,FISCHER ROAD ,PLUMSTEAD TOWNSHIP,08533,OCEAN,,,N,‭+40.075550‬,‭-074.499430‬ ,03/03/97,,
‭02‬,NJ,POMONA OAKS RESIDENTIAL WELLS,,‭0200830‬,NJD980769350,ROUTES 575 & 30 ,GALLOWAY TOWNSHIP,08240,ATLANTIC,,,N,‭+39.477780‬,‭-074.569430‬ ,05/07/98,,
‭02‬,NJ,"RENORA, INC.",,‭0200429‬,NJD070415005,83 SOUTH MAIN ST ,EDISON TOWNSHIP,08837,MIDDLESEX,,,N,‭+40.519620‬,‭-074.358880‬ ,03/20/00,,
‭02‬,NJ,SAYREVILLE LANDFILL,,‭0200572‬,NJD980505754,JERNEES MILL RD ,SAYREVILLE,08872,MIDDLESEX,,,N,‭+40.445560‬,‭-074.358330‬ ,09/29/11,,
‭02‬,NJ,SOUTH BRUNSWICK LANDFILL,,‭0200724‬,NJD980530679,NEW ROAD ,SOUTH BRUNSWICK,08852,MIDDLESEX,,,N,‭+40.402780‬,‭-074.568050‬ ,02/27/98,,
‭02‬,NJ,SPENCE FARM,,‭0200739‬,NJD980532816,ROUTE 528 & MOOREHOUSE ROAD ,PLUMSTEAD TOWNSHIP,08533,OCEAN,,,N,‭+40.078900‬,‭-074.506100‬ ,03/03/97,,
‭02‬,NJ,TABERNACLE DRUM DUMP,,‭0200790‬,NJD980761357,"RD3, CARRANZA ROAD ",TABERNACLE TOWNSHIP,08088,BURLINGTON,,,N,‭+39.820000‬,‭-074.700830‬ ,05/08/08,,
‭02‬,NJ,UPPER DEERFIELD TOWNSHIP SANITARY LANDFILL,,‭0200794‬,NJD980761399,HUSTED STATION RD ,UPPER DEERFIELD TOWNSHIP,08302,CUMBERLAND,,,N,‭+39.494160‬,‭-075.184710‬ ,06/09/00,,
‭02‬,NJ,VINELAND STATE SCHOOL,,‭0200675‬,NJD980529887,EAST LANDIS AVE ,VINELAND,08360,CUMBERLAND,,,N,‭+39.486110‬,‭-074.991660‬ ,05/07/98,,
‭02‬,NJ,"W.R. GRACE & CO., INC./WAYNE INTERIM STORAGE SITE (USDOE)",,‭0202931‬,NJ1891837980,868 BLACK OAK RIDGE ROAD ,WAYNE TOWNSHIP,07470,PASSAIC,,,Y,‭+40.969010‬,‭-074.270320‬ ,09/30/12,,
‭02‬,NJ,WILSON FARM,,‭0200740‬,NJD980532824,HAWKINS ROAD ,PLUMSTEAD TOWNSHIP,08533,,,,N,‭+40.072210‬,‭-074.445260‬ ,09/08/09,,
‭02‬,NJ,WITCO CHEMICAL CORP. (OAKLAND PLANT),,‭0200316‬,NJD045653854,100 BAUER DR ,OAKLAND,07436,BERGEN,,,N,‭+41.003750‬,‭-074.243750‬ ,09/29/95,,
‭02‬,NY,"ACTION ANODIZING, PLATING, & POLISHING CORP.",,‭0202634‬,NYD072366453,33 DIXON AVE. ,COPIAGUE,11701,SUFFOLK,,,N,‭+40.684430‬,‭-073.406110‬ ,09/29/95,,
‭02‬,NY,ANCHOR CHEMICALS,,‭0201324‬,NYD001485226,500 WEST JOHN STREET ,HICKSVILLE,11801,NASSAU,,,N,‭+40.766380‬,‭-073.546380‬ ,09/30/99,,
‭02‬,NY,BATAVIA LANDFILL,,‭0201766‬,NYD980507693,GALLOWAY & KELSEY RD ,BATAVIA,14020,GENESEE,,,N,‭+43.019700‬,‭-078.256100‬ ,11/29/05,,
‭02‬,NY,BEC TRUCKING,,‭0202235‬,NYD980768675,STEWART RD ,VESTAL,13850,BROOME,,,N,‭+42.097630‬,‭-075.998330‬ ,10/14/92,,
‭02‬,NY,"BIOCLINICAL LABORATORIES, INC.",,‭0202236‬,NYD980768683,1585-I SMITHTOWN AVE ,BOHEMIA,11716,SUFFOLK,,,N,‭+40.783330‬,‭-073.110280‬ ,09/09/94,,
‭02‬,NY,C & J DISPOSAL LEASING CO. DUMP,,‭0202366‬,NYD981561954,ROUTE 12B ,HAMILTON,13346,MADISON,,,N,‭+42.863800‬,‭-075.568700‬ ,09/20/94,,
‭02‬,NY,CLOTHIER DISPOSAL,,‭0201192‬,NYD000511576,SOUTH GRANBY ROAD COUNTY ROAD 55 ,TOWN OF GRANBY,13069,OSWEGO,,,N,‭+43.247210‬,‭-076.412780‬ ,02/08/96,,
‭02‬,NY,CONKLIN DUMPS,,‭0202329‬,NYD981486947,ROUTE 7 ,CONKLIN,13748,BROOME,,,N,‭+42.050000‬,‭-075.818050‬ ,04/25/97,,
‭02‬,NY,CONSOLIDATED IRON AND METAL,,‭0204175‬,NY0002455756,EAST END OF WASHINGTON STREET ,NEWBURGH,12550,ORANGE,,,N,‭+41.498020‬,‭-74.005630‬ ,12/03/14,,
‭02‬,NY,HITEMAN LEATHER,,‭0202360‬,NYD981560915,173 SOUTH STREET ,WEST WINFIELD,13491,HERKIMER,,,N,‭+42.883330‬,‭-075.195830‬ ,02/13/11,,
‭02‬,NY,HOOKER (102ND STREET),,‭0201706‬,NYD980506810,102 ST ,NIAGARA FALLS,14304,NIAGARA,,,N,‭+43.070280‬,‭-078.942210‬ ,08/05/04,,
‭02‬,NY,HOOKER (HYDE PARK),,‭0201306‬,NYD000831644,HYDE PARK BLVD ,NIAGARA FALLS,14304,NIAGARA,,,N,‭+43.131110‬,‭-79.036660‬ ,10/23/13,,
‭02‬,NY,JACKSON STEEL,,‭0204218‬,NYD001344456,435 FIRST STREET ,MINEOLA/NORTH HEMPSTEAD,11501,NASSAU,,,N,‭+40.738800‬,‭-73.652690‬ ,09/26/15,,
‭02‬,NY,JONES SANITATION,,‭0202045‬,NYD980534556,CARDINAL RD ,HYDE PARK,12538,DUTCHESS,,,N,‭+41.795000‬,‭-073.902000‬ ,09/23/05,,
‭02‬,NY,KATONAH MUNICIPAL WELL,,‭0202269‬,NYD980780795,JAY STREET ,TOWN OF BEDFORD,10536,WESTCHESTER,,,N,‭+41.259160‬,‭-073.682910‬ ,03/20/00,,
‭02‬,NY,KENMARK TEXTILE CORP.,,‭0201614‬,NYD075784165,921 CONKLIN ST (P.O. BOX 298) ,FARMINGDALE,11735,SUFFOLK,,,N,‭+40.738400‬,‭-073.426400‬ ,05/01/95,,
‭02‬,NY,LOVE CANAL,,‭0201290‬,NYD000606947,E OF 97TH ST/W OF 99TH ST ,NIAGARA FALLS,14304,NIAGARA,,,N,‭+43.079710‬,‭-078.949450‬ ,09/30/04,,
‭02‬,NY,LUDLOW SAND & GRAVEL,,‭0201507‬,NYD013468939,HOLMAN CITY RD ,CLAYVILLE,13322,ONEIDA,,,N,‭+42.959160‬,‭-075.226380‬ ,12/02/13,,
‭02‬,NY,MARATHON BATTERY CORP.,,‭0201491‬,NYD010959757,KEMBLE AVENUE ,COLD SPRINGS,10516,PUTNAM,,,N,‭+41.416110‬,‭-073.954710‬ ,10/18/96,,
‭02‬,NY,NIAGARA COUNTY REFUSE,,‭0201266‬,NYD000514257,WITMER RD ,WHEATFIELD,14150,NIAGARA,,,N,‭+43.060550‬,‭-078.906110‬ ,07/30/04,,
‭02‬,NY,NORTH SEA MUNICIPAL LANDFILL,,‭0202198‬,NYD980762520,MAJORS PATH ,NORTH SEA,11968,SUFFOLK,,,N,‭+40.929160‬,‭-072.401380‬ ,09/27/05,,
‭02‬,NY,"PASLEY SOLVENTS & CHEMICALS, INC.",,‭0202422‬,NYD991292004,565 COMMERCIAL AVENUE ,HEMPSTEAD,11530,NASSAU,,,N,‭+40.729160‬,‭-073.612210‬ ,09/26/11,,
‭02‬,NY,PETER COOPER CORPORATION (MARKHAMS),,‭0202124‬,NYD980592547,BENTLY ROAD ,DAYTON,14138,CATTARAUGUS,,,N,‭+42.392890‬,‭-079.012570‬ ,09/20/10,,
‭02‬,NY,PFOHL BROTHERS LANDFILL,,‭0201751‬,NYD980507495,PFOHL RD ,CHEEKTOWAGA,14225,ERIE,,,N,‭+42.943880‬,‭-078.702500‬ ,09/22/08,,
‭02‬,NY,"RADIUM CHEMICAL CO., INC.",,‭0202850‬,NYD001667872,66-06 27TH STREET ,QUEENS,11377,QUEENS,,,N,‭+40.760000‬,‭-073.902500‬ ,03/24/95,,
‭02‬,NY,"SMS INSTRUMENTS, INC.",,‭0201325‬,NYD001533165,120 MARCUS BLVD ,DEER PARK,11729,SUFFOLK,,,N,‭+40.760000‬,‭-073.318490‬ ,09/13/10,,
‭02‬,NY,SUFFERN VILLAGE WELL FIELD,,‭0202277‬,NYD980780878,NORTH END OF RAMAPO AVENUE ,VILLAGE OF SUFFERN,10901,ROCKLAND,,,N,‭+41.116200‬,‭-074.159000‬ ,05/28/93,,
‭02‬,NY,SYOSSET LANDFILL,,‭0201187‬,NYD000511360,150 MILLER PLACE ,OYSTER BAY,11791,NASSAU,,,N,‭+40.798880‬,‭-073.509710‬ ,04/28/05,,
‭02‬,NY,"TRONIC PLATING CO., INC.",,‭0201346‬,NYD002059517,168 CENTRAL AVENUE ,FARMINGDALE,11735,SUFFOLK,,,N,‭+40.753800‬,‭-073.407700‬ ,10/15/01,,
‭02‬,NY,VESTAL WATER SUPPLY WELL 4-2,,‭0202152‬,NYD980652267,605 VESTAL PKWY ,VESTAL,13850,BROOME,,,N,‭+42.110280‬,‭-075.997210‬ ,09/30/99,,
‭02‬,NY,WARWICK LANDFILL,,‭0201695‬,NYD980506679,PENALUNA RD/OLD TUXEDO/DUTCH H ,WARWICK,10990,ORANGE,,,N,‭+41.238880‬,‭-074.270000‬ ,07/06/01,,
‭02‬,NY,WIDE BEACH DEVELOPMENT,,‭0202151‬,NYD980652259,WIDE BEACH RD ,BRANT,14027,ERIE,,,N,‭+42.586660‬,‭-079.128610‬ ,08/30/94,,
‭02‬,PR,BARCELONETA LANDFILL,,‭0202486‬,PRD980509129,"ROAD # 666,FLORIDA AFUERA WARD ",FLORIDA AFUERA,00617,,,,N,‭+18.410550‬,‭-066.547780‬ ,10/03/11,,
‭02‬,PR,FRONTERA CREEK,,‭0202550‬,PRD980640965,"RIO ABAJO NEAR ROUTE 3, KM 76.9 - 78.6 ",RIO ABAJO,00661,HUMACAO,,,N,‭+18.151950‬,‭-065.790280‬ ,12/29/98,,
‭02‬,PR,GE WIRING DEVICES,,‭0202464‬,PRD090282757,KM 67 CARRETERA NO 149 ,JUANA DIAZ,00665,,,,N,‭+18.059430‬,‭-066.508880‬ ,10/16/00,,
‭02‬,PR,NAVAL SECURITY GROUP ACTIVITY,,‭0202698‬,PR4170027383,BTW DE DIEGO EXSPRESSWAY & INGENIO RD. ,SABANA SECA,00749,,,,Y,‭+18.433060‬,‭-066.190280‬ ,10/07/98,,
‭02‬,PR,RCA DEL CARIBE,,‭0202466‬,PRD090370537,PR RD #2 KM 59.5 ,BARCELONETA,00617,,,,N,‭+18.430000‬,‭-066.580560‬ ,06/17/05,,
‭02‬,PR,V&M/ALBALADEJO,,‭0202869‬,PRD987366101,ROAD 160 ,ALMIRANTE NORTE WARD,00763,VEGA BAJA,,,N,‭+18.410000‬,‭-066.380000‬ ,10/22/01,,
‭02‬,VI,ISLAND CHEMICAL CORP/VIRGIN ISLANDS CHEMICAL CORP.,,‭0202651‬,VID980651095,MELVIN-EVANS HIGHWAY (ROUTE 66) ,CHRISTIANSTED,00820,ST. CROIX,,,N,‭+17.709720‬,‭-064.790830‬ ,10/16/09,,
‭03‬,DE,COKER'S SANITATION SERVICE LANDFILLS,,‭0300097‬,DED980704860,COUNTY RTE 152 ,CHESWOLD,19936,KENT,,,N,‭+39.227210‬,‭-75.611380‬ ,08/02/11,,
‭03‬,DE,NEW CASTLE SPILL,,‭0300069‬,DED058980442,900 WILMINGTON ROAD ,NEW CASTLE,19720,NEW CASTLE,,,N,‭+39.670280‬,‭-75.561660‬ ,06/12/96,,
‭03‬,DE,NEW CASTLE STEEL,,‭0300106‬,DED980705255,9TH & WASHINGTON STREET ,NEW CASTLE,19720,NEW CASTLE,,,N,‭+39.657780‬,‭-75.577760‬ ,03/17/89,,
‭03‬,DE,SEALAND LIMITED,,‭0300137‬,DED981035520,ROUTE 896 + 15 ,MIDDLETOWN,19709,NEW CASTLE,,,N,‭+39.512600‬,‭-75.710000‬ ,07/01/97,,
‭03‬,DE,SUSSEX COUNTY LANDFILL NO. 5,,‭0300089‬,DED980494637,"BETWEEN CNTY RD 494, CNTY RD 497, SH 24 ",LAUREL,19956,SUSSEX,,,N,‭+38.535000‬,‭-75.614160‬ ,09/28/01,,
‭03‬,DE,TYLER REFRIGERATION PIT,,‭0300111‬,DED980705545,GLENWOOD AVE ,SMYRNA,19977,KENT,,,N,‭+39.295280‬,‭-75.618880‬ ,03/29/04,,
‭03‬,DE,WILDCAT LANDFILL,,‭0300101‬,DED980704951,LEBANON RD ,DOVER,19901,KENT,,,N,‭+39.120830‬,‭-75.500000‬ ,03/14/03,,
‭03‬,MD,"CHEMICAL METALS INDUSTRIES, INC.",,‭0300289‬,MDD980555478,2001 & 2103 ANNAPOLIS RD ,BALTIMORE,21230,BALTIMORE CITY,,,N,‭+39.265410‬,‭-76.632500‬ ,12/30/82,,
‭03‬,MD,"MID-ATLANTIC WOOD PRESERVERS, INC.",,‭0300243‬,MDD064882889,P O BOX 58 SHIPLEY AVE ,HARMANS,21077,ANNE ARUNDEL,,,N,‭+39.163610‬,‭-76.698330‬ ,07/18/00,,
‭03‬,MD,MIDDLETOWN ROAD DUMP,,‭0300313‬,MDD980705099,MIDDLETOWN RD ,ANNAPOLIS,21401,ANNE ARUNDEL,,,N,‭+39.031000‬,‭-76.467140‬ ,04/18/88,,
‭03‬,MD,SOUTHERN MARYLAND WOOD TREATING,,‭0300305‬,MDD980704852,STATE ROUTE 235 ,HOLLYWOOD,20636,ST. MARY'S,,,N,‭+38.358900‬,‭-76.588200‬ ,04/05/05,,
‭03‬,PA,ALADDIN PLATING,,‭0301099‬,PAD075993378,1 LAYTON RD ,SCOTT TOWNSHIP,18411,LACKAWANNA,,,N,‭+41.491930‬,‭-75.662780‬ ,11/16/01,,
‭03‬,PA,AMBLER ASBESTOS PILES,,‭0300445‬,PAD000436436,LOCUST STREET ,AMBLER,19002,MONTGOMERY,,,N,‭+40.149710‬,‭-75.227210‬ ,12/27/96,,
‭03‬,PA,"AMP, INC. (GLEN ROCK FACILITY)",,‭0300911‬,PAD041421223,OLD RTE 11 - SUSQUEHANNA RD ,GLEN ROCK,17327,YORK,,,N,‭+39.821800‬,‭-76.694400‬ ,10/02/96,,
‭03‬,PA,AUSTIN AVENUE RADIATION SITE,,‭0304433‬,PAD987341716,133 AUSTIN AVE. ,DELAWARE COUNTY,19050,DELAWARE,,,N,‭+39.943050‬,‭-75.261940‬ ,04/18/02,,
‭03‬,PA,BERKLEY PRODUCTS CO. DUMP,,‭0301290‬,PAD980538649,RD 2 ,DENVER,17517,LANCASTER,,,N,‭+40.255550‬,‭-76.155280‬ ,03/19/07,,
‭03‬,PA,BERKS LANDFILL,,‭0300473‬,PAD000651810,RD 8348 ,SPRING TOWNSHIP,19608,BERKS,,,N,‭+40.291380‬,‭-76.031110‬ ,11/14/08,,
‭03‬,PA,BRODHEAD CREEK,,‭0301433‬,PAD980691760,S OF MAIN ST BRG ,STROUDSBURG,18360,MONROE,,,N,‭+40.989710‬,‭-75.186660‬ ,07/23/01,,
‭03‬,PA,BRUIN LAGOON,,‭0301546‬,PAD980712855,RTE 268 ,BRUIN BOROUGH,16022,BUTLER,,,N,‭+41.051110‬,‭-79.725000‬ ,09/18/97,,
‭03‬,PA,CRAIG FARM DRUM,,‭0301212‬,PAD980508527,630 Bruin Queenstown Road ,PARKER,16049,ARMSTRONG,,,N,‭+41.044600‬,‭-79.682500‬ ,09/30/13,,
‭03‬,PA,ENTERPRISE AVENUE,,‭0301408‬,PAD980552913,ENTERPRISE AVE ,PHILADELPHIA,19153,PHILADELPHIA,,,N,‭+39.885000‬,‭-75.212500‬ ,03/07/86,,
‭03‬,PA,HEBELKA AUTO SALVAGE YARD,,‭0301568‬,PAD980829329,UNOBTAINABLE ,WEISENBERG TOWNSHIP,18062,LEHIGH,,,N,‭+40.576660‬,‭-75.667780‬ ,09/20/99,,
‭03‬,PA,HRANICA LANDFILL,,‭0301218‬,PAD980508618,HRANICA DRIVE ,BUFFALO TOWNSHIP,16055,BUTLER,,,N,‭+40.677210‬,‭-79.749430‬ ,09/18/97,,
‭03‬,PA,LACKAWANNA REFUSE,,‭0301220‬,PAD980508667,SOUTH KEYSER AVENUE ,OLD FORGE,18518,LACKAWANNA,,,N,‭+41.373050‬,‭-75.755280‬ ,09/28/99,,
‭03‬,PA,LANSDOWNE RADIATION SITE,,‭0301596‬,PAD980830921,105/107 E STRATFORD AVE ,LANSDOWNE,19050,DELAWARE,,,N,‭+39.941300‬,‭-75.267100‬ ,09/10/91,,
‭03‬,PA,LEHIGH ELECTRIC & ENGINEERING CO.,,‭0301543‬,PAD980712731,BRIDGE & HOWARD STS ,OLD FORGE,18518,LACKAWANNA,,,N,‭+41.357530‬,‭-75.740680‬ ,03/07/86,,
‭03‬,PA,MCADOO ASSOCIATES,,‭0301540‬,PAD980712616,US 309 & OFF RAMP OF I 81 ,MCADOO BOROUGH,18237,SCHUYLKILL,,,N,‭+40.878330‬,‭-76.001380‬ ,12/13/01,,
‭03‬,PA,"METROPOLITAN MIRROR AND GLASS CO., INC.",,‭0303257‬,PAD982366957,INDUSTRIAL ROAD ,FRACKVILLE,17931,SCHUYLKILL,,,N,‭+40.775000‬,‭-76.221660‬ ,08/16/05,,
‭03‬,PA,MIDDLETOWN AIR FIELD,,‭0301295‬,PAD980538763,APPROX 1 MLE OFF RTE 230 ,MIDDLETOWN,17057,DAUPHIN,,,N,‭+40.176300‬,‭-76.717300‬ ,07/10/97,,
‭03‬,PA,MOYERS LANDFILL,,‭0301226‬,PAD980508766,RD 2 MOYER RD ,EAGLEVILLE,19426,MONTGOMERY,,,N,‭+40.155560‬,‭-75.433610‬ ,05/27/14,,
‭03‬,PA,PRESQUE ISLE,,‭0301229‬,PAD980508865,ROUTE 6N/PRESQUE ISLE ST PARK ,ERIE,16505,ERIE,,,N,‭+42.149700‬,‭-80.133300‬ ,02/13/89,,
‭03‬,PA,PUBLICKER INDUSTRIES INC.,,‭0303196‬,PAD981939200,3223 S DELAWARE AVENUE ,PHILADELPHIA,19148,PHILADELPHIA,,,N,‭+39.908050‬,‭-75.135280‬ ,11/01/00,,
‭03‬,PA,REESER'S LANDFILL,,‭0301566‬,PAD980829261,OLD RTE 22 ,UPPER MACUNGIE TWP,18051,LEHIGH,,,N,‭+40.579400‬,‭-75.656400‬ ,05/31/90,,
‭03‬,PA,RESIN DISPOSAL,,‭0301042‬,PAD063766828,TOP OF STILLEY AVENUE ,JEFFERSON BOROUGH,15025,ALLEGHENY,,,N,‭+40.270500‬,‭-79.912400‬ ,10/21/03,,
‭03‬,PA,"RIVER ROAD LANDFILL (WASTE MANAGEMENT, INC.)",,‭0300446‬,PAD000439083,RTE 846 RIVER RD ,HERMITAGE,16148,MERCER,,,N,‭+41.266660‬,‭-80.487500‬ ,01/29/04,,
‭03‬,PA,ROUTE 940 DRUM DUMP,,‭0301831‬,PAD981034630,OFF RTE 940 ,POCONO SUMMIT,18350,MONROE,,,N,‭+41.110500‬,‭-75.382500‬ ,11/30/00,,
‭03‬,PA,TAYLOR BOROUGH DUMP,,‭0301506‬,PAD980693907,PRINCE STREET ,TAYLOR BOROUGH,18517,LACKAWANNA,,,N,‭+41.407210‬,‭-75.718330‬ ,09/30/99,,
‭03‬,PA,VOORTMAN FARM,,‭0301453‬,PAD980692719,VERA CRUZ RD ,UPPER SAUCON TWP,18034,LEHIGH,,,N,‭+40.547000‬,‭-75.447500‬ ,05/31/89,,
‭03‬,PA,WADE (ABM),,‭0301343‬,PAD980539407,1 FLOWER STREET ,CHESTER,19013,DELAWARE,,,N,‭+39.833700‬,‭-75.377500‬ ,03/23/89,,
‭03‬,PA,WESTLINE,,‭0301444‬,PAD980692537,OFF OF OLD ROUTE 219 ,WESTLINE,16740,MCKEAN,,,N,‭+41.774710‬,‭-78.771660‬ ,10/14/92,,
‭03‬,PA,YORK COUNTY SOLID WASTE AND REFUSE AUTHORITY LANDFILL,,‭0301590‬,PAD980830715,ROAD #3 - BOX 426 ,HOPEWELL TOWNSHIP,17363,YORK,,,N,‭+39.782360‬,‭-76.607210‬ ,02/14/05,,
‭03‬,VA,DIXIE CAVERNS COUNTY LANDFILL,,‭0302680‬,VAD980552095,RTE 778 ,SALEM,24153,ROANOKE,,,N,‭+37.259710‬,‭-80.193610‬ ,09/28/01,,
‭03‬,VA,MATTHEWS ELECTROPLATING,,‭0302757‬,VAD980712970,ROUTE 796 ,ROANOKE,24153,ROANOKE CITY,,,N,‭+37.256900‬,‭-80.167500‬ ,01/19/89,,
‭03‬,VA,RHINEHART TIRE FIRE DUMP,,‭0302772‬,VAD980831796,MT FALLS ,FREDERICK COUNTY,22601,FREDERICK,,,N,‭+39.188330‬,‭-78.310420‬ ,09/30/05,,
‭03‬,VA,SUFFOLK CITY LANDFILL,,‭0302775‬,VAD980917983,UNOBTAINABLE ,SUFFOLK,23434,SUFFOLK CITY,,,N,‭+36.678400‬,‭-76.583900‬ ,01/24/95,,
‭03‬,WV,FOLLANSBEE,,‭0302894‬,WVD004336749,NEAR BENCH MARK 681 ,FOLLANSBEE,26037,BROOKE,,,N,‭+40.340280‬,‭-80.606930‬ ,01/16/04,,
‭03‬,WV,LEETOWN PESTICIDE,,‭0303045‬,WVD980693402,ROAD 15/1 MIDDLEWAY AREA ,LEETOWN,25430,JEFFERSON,,,N,‭+39.346500‬,‭-77.909500‬ ,08/29/96,,
‭04‬,AL,MOWBRAY ENGINEERING CO.,,‭0404343‬,ALD031618069,JCT OF 2ND & BEELAND STS ,GREENVILLE,36037,BUTLER,,,N,‭+31.831660‬,‭-86.613050‬ ,12/30/93,,
‭04‬,AL,PERDIDO GROUND WATER CONTAMINATION,,‭0404345‬,ALD980728703,COUNTY RD 47 S ,PERDIDO,36562,BALDWIN,,,N,‭+31.012500‬,‭-87.625000‬ ,05/16/17,,
‭04‬,AL,"REDWING CARRIERS, INC. (SARALAND)",,‭0400417‬,ALD980844385,527 US HWY 43 ,SARALAND,36571,MOBILE,,,N,‭+30.808330‬,‭-88.073060‬ ,09/28/15,,
‭04‬,FL,ALPHA CHEMICAL CORP.,,‭0400623‬,FLD041495441,4620 N GALLOWAY RD ,LAKELAND,33810,POLK,,,N,‭+28.100830‬,‭-82.009710‬ ,06/28/95,,
‭04‬,FL,ANACONDA ALUMINUM CO./MILGO ELECTRONICS CORP.,,‭0400581‬,FLD020536538,3630 NW 76TH ST ,MIAMI,33147,MIAMI-DADE,,,N,‭+25.843060‬,‭-80.256530‬ ,07/09/98,,
‭04‬,FL,"B&B CHEMICAL CO., INC.",,‭0400566‬,FLD004574190,875 W 20TH ST ,HIALEAH,33010,MIAMI-DADE,,,N,‭+25.839580‬,‭-80.300130‬ ,08/05/14,,
‭04‬,FL,BEULAH LANDFILL,,‭0400836‬,FLD980494660,ROUTE 9 US HWY 90 ,PENSACOLA,32506,ESCAMBIA,,,N,‭+30.513060‬,‭-87.345130‬ ,06/22/98,,
‭04‬,FL,BMI-TEXTRON,,‭0400668‬,FLD052172954,1121 SILVER BEACH RD ,LAKE PARK,33403,PALM BEACH,,,N,‭+26.793700‬,‭-80.073800‬ ,11/18/02,,
‭04‬,FL,BROWN WOOD PRESERVING,,‭0400917‬,FLD980728935,JCT GOLDKISS BLVD & SNOWMILL ,LIVE OAK,32060,SUWANNEE,,,N,‭+30.302500‬,‭-83.013050‬ ,09/22/95,,
‭04‬,FL,CALLAWAY & SON DRUM SERVICE,,‭0400792‬,FLD094590916,890 EAST LAKE ALFRED DRIVE ,LAKE ALFRED,33850,POLK,,,N,‭+28.098050‬,‭-81.714720‬ ,08/04/09,,
‭04‬,FL,"CHEMFORM, INC.",,‭0400756‬,FLD080174402,1410 SW 8TH ST ,POMPANO BEACH,33069,BROWARD,,,N,‭+26.186750‬,‭-80.142800‬ ,07/28/00,,
‭04‬,FL,COLEMAN-EVANS WOOD PRESERVING CO.,,‭0401202‬,FLD991279894,101 CELERY ST ,WHITEHOUSE,32220,DUVAL,,,N,‭+30.313880‬,‭-81.842780‬ ,05/27/14,,
‭04‬,FL,DAVIE LANDFILL,,‭0400897‬,FLD980602288,SW 142ND AVE ,DAVIE,33314,BROWARD,,,N,‭+26.069600‬,‭-80.342600‬ ,08/21/06,,
‭04‬,FL,DUBOSE OIL PRODUCTS CO.,,‭0400492‬,FLD000833368,HWY C97 ,CANTONMENT,32533,ESCAMBIA,,,N,‭+30.618060‬,‭-87.376950‬ ,10/01/04,,
‭04‬,FL,GOLD COAST OIL CORP.,,‭0400736‬,FLD071307680,2835 SW 71 AVE ,MIAMI,33155,MIAMI-DADE,,,N,‭+25.743400‬,‭-80.311200‬ ,10/09/96,,
‭04‬,FL,HIPPS ROAD LANDFILL,,‭0400908‬,FLD980709802,HIPPS RD ,DUVAL COUNTY,32222,DUVAL,,,N,‭+30.216930‬,‭-81.805560‬ ,02/27/11,,
‭04‬,FL,KASSAUF-KIMERLING BATTERY DISPOSAL,,‭0400914‬,FLD980727820,58TH ST & COLUMBUS DR ,TAMPA,33619,HILLSBOROUGH,,,N,‭+27.969444‬,‭-82.388889‬ ,10/02/00,,
‭04‬,FL,MUNISPORT LANDFILL,,‭0400769‬,FLD084535442,152ND ST NE & BISCAYNE BLVD ,NORTH MIAMI,33161,MIAMI-DADE,,,N,‭+25.908330‬,‭-80.154160‬ ,09/24/99,,
‭04‬,FL,NORTHWEST 58TH STREET LANDFILL,,‭0400900‬,FLD980602643,NW 58TH ST ,HIALEAH,33012,MIAMI-DADE,,,N,‭+25.833330‬,‭-80.347210‬ ,10/11/96,,
‭04‬,FL,PARRAMORE SURPLUS,,‭0400622‬,FLD041140344,US HWY 90 W  ,MOUNT PLEASANT,32352,GADSDEN,,,N,‭+30.660680‬,‭-84.693750‬ ,02/21/89,,
‭04‬,FL,PIONEER SAND CO.,,‭0400684‬,FLD056116965,EAST OF SAUFLEY FIELD RD ,WARRINGTON,32506,ESCAMBIA,,,N,‭+30.474160‬,‭-87.351380‬ ,02/08/93,,
‭04‬,FL,SCHUYLKILL METALS CORP.,,‭0400710‬,FLD062794003,402 S WOODROW WILSON DR ,PLANT CITY,33566,HILLSBOROUGH,,,N,‭+28.010830‬,‭-82.143060‬ ,08/22/01,,
‭04‬,FL,SIXTY-SECOND STREET DUMP,,‭0400916‬,FLD980728877,N OF COLUMBUS W OF 62ND ST ,TAMPA,33619,HILLSBOROUGH,,,N,‭+27.969430‬,‭-82.386380‬ ,10/01/99,,
‭04‬,FL,STANDARD AUTO BUMPER CORP.,,‭0400554‬,FLD004126520,2500 WEST 3RD COURT ,HIALEAH,33010,MIAMI-DADE,,,N,‭+25.844440‬,‭-80.289720‬ ,10/26/07,,
‭04‬,FL,"TRI-CITY OIL CONSERVATIONIST, INC",,‭0400733‬,FLD070864541,8767 1/2 N 50TH ST ,TAMPA,33617,HILLSBOROUGH,,,N,‭+28.031800‬,‭-82.401500‬ ,09/01/88,,
‭04‬,FL,VARSOL SPILL,,‭0400898‬,FLD980602346,MIAMI INT'L AIRPORT ,MIAMI,33159,MIAMI-DADE,,,N,‭+25.804700‬,‭-80.277200‬ ,09/01/88,,
‭04‬,FL,"WILSON CONCEPTS OF FLORIDA, INC.",,‭0404399‬,FLD041184383,1408 SW 8TH STREET ,POMPANO BEACH,33069,BROWARD,,,N,‭+26.218670‬,‭-80.142760‬ ,04/04/95,,
‭04‬,FL,WOODBURY CHEMICAL CO. (PRINCETON PLANT),,‭0400563‬,FLD004146346,13920 SW 248TH ST ,PRINCETON,33032,MIAMI-DADE,,,N,‭+25.536700‬,‭-80.412400‬ ,11/27/95,,
‭04‬,FL,YELLOW WATER ROAD,,‭0400933‬,FLD980844179,1190 YELLOW WATER ROAD ,BALDWIN,32234,DUVAL,,,N,‭+30.280300‬,‭-81.971700‬ ,05/18/99,,
‭04‬,GA,"CEDARTOWN INDUSTRIES, INC.",,‭0401627‬,GAD095840674,404 S. FURNACE STREET ,CEDARTOWN,30125,POLK,,,N,‭+34.008200‬,‭-85.263600‬ ,09/19/06,,
‭04‬,GA,CEDARTOWN MUNICIPAL LANDFILL,,‭0401660‬,GAD980495402,WEST OF N. TENTH ST AND GIRARD AVE ,CEDARTOWN,30125,POLK,,,N,‭+34.015960‬,‭-85.282630‬ ,03/10/99,,
‭04‬,GA,"LUMINOUS PROCESSES, INC.",,‭0401841‬,GAD990855819,US HWY 78 & 29 4 MILES W ,ATHENS,30622,CLARKE,,,N,‭+33.940280‬,‭-83.471950‬ ,12/30/82,,
‭04‬,GA,MONSANTO CORP. (AUGUSTA PLANT),,‭0401299‬,GAD001700699,MARVIN GRIFFIN RD ,AUGUSTA,30903,RICHMOND,,,N,‭+33.389450‬,‭-81.993060‬ ,03/09/98,,
‭04‬,GA,POWERSVILLE SITE,,‭0401668‬,GAD980496954,GA HWY 49 N ,PEACH COUNTY,31074,PEACH,,,N,‭+32.612500‬,‭-83.794430‬ ,11/01/10,,
‭04‬,KY,A.L. TAYLOR (VALLEY OF DRUMS),,‭0402072‬,KYD980500961,ST HWY 1020 ,BROOKS,40165,BULLITT,,,N,‭+38.081930‬,‭-85.725000‬ ,05/17/96,,
‭04‬,KY,GENERAL TIRE & RUBBER CO. (MAYFIELD LANDFILL),,‭0401932‬,KYD006371074,1 GENERAL ST ,MAYFIELD,42066,GRAVES,,,N,‭+36.790600‬,‭-88.635800‬ ,10/27/00,,
‭04‬,KY,HOWE VALLEY LANDFILL,,‭0402090‬,KYD980501191,HAWKINS DR ,HOWE VALLEY,42732,HARDIN,,,N,‭+37.668500‬,‭-86.124200‬ ,07/26/96,,
‭04‬,KY,LEE'S LANE LANDFILL,,‭0402104‬,KYD980557052,LEES LN @ OHIO RIV ,LOUISVILLE,40216,JEFFERSON,,,N,‭+38.191110‬,‭-85.883060‬ ,04/25/96,,
‭04‬,KY,NATIONAL SOUTHWIRE ALUMINUM CO.,,‭0401991‬,KYD049062375,JCT KY HWY 271 & 334 ,HAWESVILLE,42348,HANCOCK,,,N,‭+37.944990‬,‭-86.787770‬ ,10/05/15,,
‭04‬,KY,NEWPORT DUMP,,‭0405547‬,KYD985066380,LICKING PIKE AND QUEEN CITY AV ,NEWPORT,41072,CAMPBELL,,,N,‭+39.070720‬,‭-84.491220‬ ,06/03/96,,
‭04‬,KY,RED PENN SANITATION CO. LANDFILL,,‭0404239‬,KYD981469794,SR 362 (ASH AVE) ,PEEWEE VALLEY,40014,OLDHAM,,,N,‭+38.288100‬,‭-85.465400‬ ,09/14/01,,
‭04‬,MS,FLOWOOD SITE,,‭0402473‬,MSD980710941,STATE HWY 468 ,FLOWOOD,39208,RANKIN,,,N,‭+32.300000‬,‭-90.145830‬ ,02/16/96,,
‭04‬,MS,"NEWSOM BROTHERS/OLD REICHHOLD CHEMICALS, INC.",,‭0402479‬,MSD980840045,WADE ST & PEARL ST ,COLUMBIA,39429,MARION,,,N,‭+31.244710‬,‭-89.826930‬ ,09/27/00,,
‭04‬,MS,WALCOTTE CHEMICAL CO. WAREHOUSES,,‭0402466‬,MSD980601736,NORTH & ALEXANDER STS ,GREENVILLE,38701,WASHINGTON,,,N,‭+33.411000‬,‭-91.053800‬ ,12/30/82,,
‭04‬,NC,"MARTIN-MARIETTA, SODYECO, INC.",,‭0402588‬,NCD001810365,HWY 27 W ,CHARLOTTE,28214,MECKLENBURG,,,N,‭+35.294450‬,‭-81.000000‬ ,01/20/12,,
‭04‬,NC,NEW HANOVER CNTY AIRPORT BURN PIT,,‭0403120‬,NCD981021157,GARDNER DRIVE ,WILMINGTON,28401,NEW HANOVER,,,N,‭+34.275000‬,‭-77.915280‬ ,09/20/12,,
‭04‬,NC,ROADSIDE PCB SPILL,,‭0403068‬,NCD980602163,210 MILES OF NC HWY ,210 MILES OF ROADS,27589,WARREN,,,N,‭+36.338100‬,‭-78.166100‬ ,03/07/86,,
‭04‬,SC,GEIGER (C & M OIL),,‭0403400‬,SCD980711279,OFF SC RT 162 ,RANTOULES,29494,CHARLESTON,,,N,‭+32.773610‬,‭-80.159160‬ ,01/06/14,,
‭04‬,SC,GOLDEN STRIP SEPTIC TANK SERVICE,,‭0403404‬,SCD980799456,ROUTE 1 ADAMS MILL RD ,SIMPSONVILLE,29681,GREENVILLE,,,N,‭+34.785000‬,‭-82.246600‬ ,09/10/98,,
‭04‬,SC,INDEPENDENT NAIL CO.,,‭0403262‬,SCD004773644,HWY 86 & 21 ,BEAUFORT,29902,BEAUFORT,,,N,‭+32.466380‬,‭-80.741110‬ ,04/03/95,,
‭04‬,SC,"KOPPERS CO., INC. (FLORENCE PLANT)",,‭0403251‬,SCD003353026,KOPPERS RD ,FLORENCE,29503,FLORENCE,,,N,‭+34.202200‬,‭-79.722900‬ ,09/13/13,,
‭04‬,SC,"PALMETTO RECYCLING, INC.",,‭0403274‬,SCD037398120,531 KOON STORE RD ,COLUMBIA,29203,RICHLAND,,,N,‭+34.122800‬,‭-81.011700‬ ,10/13/00,,
‭04‬,SC,ROCHESTER PROPERTY,,‭0403415‬,SCD980840698,JCT LEDBETTER & WHITE HORSE ROAD ,TRAVELERS REST,29690,GREENVILLE,,,N,‭+34.971900‬,‭-82.501500‬ ,10/09/07,,
‭04‬,TN,AMNICOLA DUMP,,‭0404007‬,TND980729172,AMNICOLA HWY ,CHATTANOOGA,37406,HAMILTON,,,N,‭+35.062500‬,‭-85.276380‬ ,04/30/96,,
‭04‬,TN,CHEMET CO.,,‭0405468‬,TND987768546,Postal Address is unavailable for the Site ,MOSCOW,38057,FAYETTE,,,N,‭+35.083610‬,‭-89.372490‬ ,10/09/96,,
‭04‬,TN,GALLAWAY PITS,,‭0404005‬,TND980728992,OFF HWY 70 ,GALLAWAY,38036,FAYETTE,,,N,‭+35.359710‬,‭-89.601930‬ ,04/29/96,,
‭04‬,TN,ICG ISELIN RAILROAD YARD,,‭0405179‬,TND987767795,ISELIN ST ,JACKSON,38301,MADISON,,,N,‭+35.602500‬,‭-88.797680‬ ,01/07/02,,
‭04‬,TN,LEWISBURG DUMP,,‭0404006‬,TND980729115,CRUSHER RD ,LEWISBURG,37091,MARSHALL,,,N,‭+35.481380‬,‭-86.784160‬ ,02/21/96,,
‭04‬,TN,NORTH HOLLYWOOD DUMP,,‭0403873‬,TND980558894,1700-2000 BLKS/N. HOLLYWOOD ST ,MEMPHIS,38108,SHELBY,,,N,‭+35.185550‬,‭-89.979160‬ ,12/31/97,,
‭05‬,IL,"A & F MATERIAL RECLAIMING, INC.",,‭0500534‬,ILD980397079,WEST CUMBERLAND ,GREENUP,62428,CUMBERLAND,,,N,‭+39.243900‬,‭-88.174000‬ ,06/11/12,,
‭05‬,IL,BELVIDERE MUNICIPAL LANDFILL,,‭0500542‬,ILD980497663,APPLETON RD ,BELVIDERE,61008,BOONE,,,N,‭+42.264300‬,‭-88.872300‬ ,02/09/15,,
‭05‬,IL,ILADA ENERGY CO.,,‭0500942‬,ILD980996789,ROUTE 3 ,EAST CAPE GIRARDEAU,62957,ALEXANDER,,,N,‭+37.258400‬,‭-89.463500‬ ,01/08/01,,
‭05‬,IL,KERR-MCGEE (REED-KEPPLER PARK),,‭0500761‬,ILD980824007,NEAR JCT OF YALE & NATIONAL ,WEST CHICAGO,60185,DUPAGE,,,N,‭+41.891930‬,‭-088.208330‬ ,02/08/10,,
‭05‬,IL,KERR-MCGEE (SEWAGE TREATMENT PLANT),,‭0500763‬,ILD980824031,59TH ST & ROOSEVELT RD ,WEST CHICAGO,60185,DUPAGE,,,N,‭+41.864300‬,‭-088.192400‬ ,04/22/13,,
‭05‬,IL,PETERSEN SAND & GRAVEL,,‭0500127‬,ILD003817137,ILLINOIS ROUTES 21 & 137 ,LIBERTYVILLE,60048,LAKE,,,N,‭+42.315830‬,‭-087.953700‬ ,02/11/91,,
‭05‬,IN,CARTER LEE LUMBER CO.,,‭0501376‬,IND016395899,1621 WEST WASHINGTON STREET ,INDIANAPOLIS,46222,MARION,,,N,‭+39.765400‬,‭-86.191800‬ ,07/09/96,,
‭05‬,IN,COLUMBUS OLD MUNICIPAL LANDFILL #1,,‭0501673‬,IND980607626,3RD ST BRIDGE AT WHITE RIVER ,COLUMBUS,47201,BARTHOLOMEW,,,N,‭+39.197400‬,‭-85.926000‬ ,01/24/14,,
‭05‬,IN,INTERNATIONAL MINERALS (E. PLANT),,‭0502150‬,INT190010876,LOCKPORT RD ,TERRE HAUTE,47802,VIGO,,,N,‭+39.437780‬,‭-87.391380‬ ,02/11/91,,
‭05‬,IN,NEAL'S DUMP (SPENCER),,‭0501817‬,IND980794549,T9N R4W SEC 12 ,SPENCER,47460,OWEN,,,N,‭+39.238100‬,‭-086.796800‬ ,10/04/99,,
‭05‬,IN,POER FARM,,‭0501805‬,IND980684583,CO RD 1050E & CR 400N ,HANCOCK COUNTY,46117,HANCOCK,,,N,‭+39.844710‬,‭-085.605280‬ ,02/11/91,,
‭05‬,IN,SOUTHSIDE SANITARY LANDFILL,,‭0501655‬,IND980607360,2561 KENTUCKY AVENUE ,INDIANAPOLIS,46221,MARION,,,N,‭+39.716110‬,‭-086.205000‬ ,07/03/97,,
‭05‬,IN,TRI-STATE PLATING,,‭0501308‬,IND006038764,1716 KELLER AVE ,COLUMBUS,47201,BARTHOLOMEW,,,N,‭+39.216400‬,‭-085.900700‬ ,07/14/97,,
‭05‬,IN,"WASTE, INC., LANDFILL",,‭0501630‬,IND980504005,1701 EAST US 12 ,MICHIGAN CITY,46360,LA PORTE,,,N,‭+41.721660‬,‭-086.880000‬ ,10/20/08,,
‭05‬,IN,"WEDZEB ENTERPRISES, INC.",,‭0501815‬,IND980794374,320 SOUTH BALLARD STREET ,LEBANON,46052,BOONE,,,N,‭+40.045300‬,‭-086.472300‬ ,09/10/91,,
‭05‬,IN,WHITEFORD SALES & SERVICE INC./NATIONALEASE,,‭0501978‬,IND980999791,2020 WEST SAMPLE STREET ,SOUTH BEND,46619,ST. JOSEPH,,,N,‭+41.663880‬,‭-086.280280‬ ,09/06/96,,
‭05‬,MI,ANDERSON DEVELOPMENT CO.,,‭0502220‬,MID002931228,1415 EAST MICHIGAN STREET ,ADRIAN,49221,LENAWEE,,,N,‭+41.893610‬,‭-84.017210‬ ,01/26/96,,
‭05‬,MI,"AVENUE ""E"" GROUND WATER CONTAMINATION",,‭0503006‬,MID980791461,AVENUE E ,TRAVERSE CITY,49684,GRAND TRAVERSE,,,N,‭+44.750710‬,‭-85.577500‬ ,03/20/07,,
‭05‬,MI,BERLIN & FARRO,,‭0502172‬,MID000605717,8322 S MOORISH RD ,SWARTZ CREEK,48473,GENESEE,,,N,‭+42.904000‬,‭-83.834800‬ ,06/24/98,,
‭05‬,MI,BURROWS SANITATION,,‭0502733‬,MID980410617,ME1/4 SEC10 R16W T3S ,HARTFORD,49057,VAN BUREN,,,N,‭+42.223300‬,‭-86.150200‬ ,07/14/15,,
‭05‬,MI,"CARTER INDUSTRIALS, INC.",,‭0502729‬,MID980274179,4690 HUMBOLDT ,DETROIT,48208,WAYNE,,,N,‭+42.345280‬,‭-83.091660‬ ,03/25/97,,
‭05‬,MI,CEMETERY DUMP,,‭0503025‬,MID980794663,8905 N MILFORD RD ,ROSE CENTER,48442,OAKLAND,,,N,‭+42.725280‬,‭-83.610280‬ ,04/19/95,,
‭05‬,MI,CHARLEVOIX MUNICIPAL WELL,,‭0503013‬,MID980794390,LAKE SHORE DRIVE ,CHARLEVOIX,49720,CHARLEVOIX,,,N,‭+45.317780‬,‭-85.266660‬ ,12/02/93,,
‭05‬,MI,CLIFF/DOW DUMP,,‭0502860‬,MID980608970,CO RD 550 1/2MI N DEAD RIV ,MARQUETTE,49855,MARQUETTE,,,N,‭+46.574430‬,‭-87.420000‬ ,11/17/00,,
‭05‬,MI,FOLKERTSMA REFUSE,,‭0502876‬,MID980609366,1426 PANNELL ROAD NORTHWEST ,GRAND RAPIDS,49504,KENT,,,N,‭+43.001660‬,‭-85.703330‬ ,04/10/96,,
‭05‬,MI,GRATIOT COUNTY GOLF COURSE,,‭0503022‬,MID980794531,EDGEWOOD GOLF COURSE ,ST. LOUIS,48880,GRATIOT,,,N,‭+43.416410‬,‭-084.623460‬ ,09/08/83,,
‭05‬,MI,H & K SALES,,‭0507645‬,MI0001271535,BRIDGE STREET ,BELDING,48809,IONIA,,,N,‭+43.098610‬,‭-85.228330‬ ,05/21/98,,
‭05‬,MI,KENT CITY MOBILE HOME PARK,,‭0503350‬,MID981089915,135 SOUTH MAIN STREET ,KENT CITY,49330,KENT,,,N,‭+43.216660‬,‭-085.753330‬ ,03/20/95,,
‭05‬,MI,LOWER ECORSE CREEK DUMP,,‭0506252‬,MID985574227,Postal Address is unavailable for the Site ,WYANDOTTE,48192,WAYNE,,,N,‭+42.234160‬,‭-083.157770‬ ,07/01/05,,
‭05‬,MI,MASON COUNTY LANDFILL,,‭0503019‬,MID980794465,W1/4 NE1/4 T18N R18W ,PERE MARQUETTE TWP,49431,MASON,,,N,‭+43.918500‬,‭-086.429200‬ ,09/09/99,,
‭05‬,MI,METAL WORKING SHOP,,‭0503169‬,MID980992952,REYNOLDS ROAD ,LAKE ANN,49650,BENZIE,,,N,‭+44.730000‬,‭-085.857500‬ ,12/23/92,,
‭05‬,MI,NOVACO INDUSTRIES,,‭0502651‬,MID084566900,9411 SUMMERFIELD ROAD ,TEMPERANCE,48182,MONROE,,,N,‭+41.785600‬,‭-083.644300‬ ,07/14/98,,
‭05‬,MI,OSSINEKE GROUND WATER CONTAMINATION,,‭0503017‬,MID980794440,US 23 N OF NICHOLSON ROAD ,OSSINEKE,49766,ALPENA,,,N,‭+44.903330‬,‭-083.442210‬ ,01/31/96,,
‭05‬,MI,SPIEGELBERG LANDFILL,,‭0503021‬,MID980794481,SPICER RD ,GREEN OAK TOWNSHIP,48116,LIVINGSTON,,,N,‭+42.454160‬,‭-083.772210‬ ,06/13/11,,
‭05‬,MI,WASTE MANAGEMENT OF MICHIGAN (HOLLAND LAGOONS),,‭0502568‬,MID060179587,2700 N 168TH ST ,HOLLAND,49424,OTTAWA,,,N,‭+42.824210‬,‭-086.189380‬ ,01/14/13,,
‭05‬,MI,WHITEHALL MUNICIPAL WELLS,,‭0502993‬,MID980701254,718 EAST COLBY ,WHITEHALL,49461,MUSKEGON,,,N,‭+43.412210‬,‭-086.328880‬ ,02/11/91,,
‭05‬,MN,ADRIAN MUNICIPAL WELL FIELD,,‭0503898‬,MND980904023,ADRIAN CITY LIMITS ,ADRIAN,56110,NOBLES,,,N,‭+43.638210‬,‭-95.934000‬ ,12/30/92,,
‭05‬,MN,AGATE LAKE SCRAPYARD,,‭0503896‬,MND980898068,WESTERN SHORE OF AGATE LAKE ,FAIRVIEW TOWNSHIP,56473,CASS,,,N,‭+46.453560‬,‭-94.375830‬ ,08/01/97,,
‭05‬,MN,"BOISE CASCADE/ONAN CORP./MEDTRONICS, INC.",,‭0503776‬,MND053417515,1400 73RD AVENUE NE ,FRIDLEY,55432,ANOKA,,,N,‭+45.095830‬,‭-93.233330‬ ,02/15/95,,
‭05‬,MN,DAKHUE SANITARY LANDFILL,,‭0503946‬,MND981191570,260TH & HOGAN AVE ,CANNON FALLS,55031,DAKOTA,,,N,‭+44.571800‬,‭-92.927700‬ ,07/24/95,,
‭05‬,MN,EAST BETHEL DEMOLITION LANDFILL,,‭0503926‬,MND981088180,HWY 65 AT 22 1ST AVE ,EAST BETHEL TOWNSHIP,55011,ANOKA,,,N,‭+45.365300‬,‭-93.224600‬ ,05/07/96,,
‭05‬,MN,KOCH REFINING CO./N-REN CORP.,,‭0503686‬,MND000686071,12555 US HIGHWAY 55 ,ROSEMOUNT,55058,DAKOTA,,,N,‭+44.768400‬,‭-093.040600‬ ,06/15/95,,
‭05‬,MN,KUMMER SANITARY LANDFILL,,‭0503900‬,MND980904049,ANNE ST ,BEMIDJI,56601,BELTRAMI,,,N,‭+47.506530‬,‭-094.892710‬ ,04/26/96,,
‭05‬,MN,LAGRAND SANITARY LANDFILL,,‭0503937‬,MND981090483,1MI N OF I-94 W OF CSAH 40 ,LAGRAND TOWNSHIP,56308,DOUGLAS,,,N,‭+45.900000‬,‭-095.496660‬ ,10/23/97,,
‭05‬,MN,MORRIS ARSENIC DUMP,,‭0503891‬,MND980792287,ADJACENT TO HWY 28 & HWY 59 ,MORRIS,56267,STEVENS,,,N,‭+45.606600‬,‭-095.884500‬ ,03/07/86,,
‭05‬,MN,NL INDUSTRIES/TARACORP/GOLDEN AUTO,,‭0503817‬,MND097891634,3645 HAMPSHIRE AVENUE ,ST. LOUIS PARK,55426,HENNEPIN,,,N,‭+44.936110‬,‭-093.363610‬ ,05/21/98,,
‭05‬,MN,OAK GROVE SANITARY LANDFILL,,‭0503901‬,MND980904056,2536 VIKING BLVD NORTHWEST ,OAK GROVE TOWNSHIP,55011,ANOKA,,,N,‭+45.317000‬,‭-093.331700‬ ,10/17/96,,
‭05‬,MN,OLMSTED COUNTY SANITARY LANDFILL,,‭0503697‬,MND000874354,1MI EAST HWY 52 1/2MI NORTH HWY 154 ,ORONOCO,55960,OLMSTED,,,N,‭+44.130860‬,‭-092.500630‬ ,02/15/95,,
‭05‬,MN,PINE BEND SANITARY LANDFILL,,‭0503678‬,MND000245795,2495 E 117TH ST ,DAKOTA COUNTY,55075,DAKOTA,,,N,‭+44.784710‬,‭-093.050550‬ ,06/23/98,,
‭05‬,MN,ST. AUGUSTA SANITARY LANDFILL/ENGEN DUMP,,‭0503925‬,MND981002256,"EAST OF I-94, WEST OF RAILROAD ",ST. AUGUSTA TOWNSHIP,56301,STEARNS,,,N,‭+45.481660‬,‭-094.135000‬ ,11/14/96,,
‭05‬,MN,TWIN CITIES AIR FORCE RESERVE BASE (SMALL ARMS RANGE LANDFILL),,‭0504012‬,MN8570024275,MINNEAPOLIS ST PAUL IAP ,MINNEAPOLIS,55450,HENNEPIN,,,Y,‭+44.863060‬,‭-093.204710‬ ,12/16/96,,
‭05‬,MN,UNION SCRAP IRON & METAL CO.,,‭0503754‬,MND022949192,1608 WASHINGTON AVENUE ,MINNEAPOLIS,55411,HENNEPIN,,,N,‭+44.995560‬,‭-093.280560‬ ,09/10/91,,
‭05‬,MN,UNIVERSITY OF MINNESOTA (ROSEMOUNT RESEARCH CENTER),,‭0503878‬,MND980613780,15325 BABCOCK AVE ,ROSEMOUNT,55068,DAKOTA,,,N,‭+44.719430‬,‭-093.072810‬ ,02/06/01,,
‭05‬,MN,WASHINGTON COUNTY LANDFILL,,‭0503888‬,MND980704738,LAKE JANE ROAD & JAMACA AVENUE ,LAKE ELMO,55042,WASHINGTON,,,N,‭+45.008630‬,‭-092.918130‬ ,05/16/96,,
‭05‬,MN,WASTE DISPOSAL ENGINEERING,,‭0503834‬,MND980609119,14435 NW CROSSTOWN BLVD ,ANDOVER,55304,ANOKA,,,N,‭+45.228000‬,‭-093.312200‬ ,06/05/96,,
‭05‬,MN,WHITTAKER CORP.,,‭0503730‬,MND006252233,3134 CALIFORNIA STREET ,MINNEAPOLIS,55418,HENNEPIN,,,N,‭+45.026380‬,‭-093.270830‬ ,02/11/99,,
‭05‬,MN,WINDOM DUMP,,‭0503823‬,MND980034516,NEAR LAKEVIEW AVE ,WINDOM,56101,COTTONWOOD,,,N,‭+43.868750‬,‭-095.100930‬ ,10/06/00,,
‭05‬,OH,ALSCO ANACONDA,,‭0504385‬,OHD057243610,ONE ANACONDA DR ,GNADENHUTTEN,44629,TUSCARAWAS,,,N,‭+40.361110‬,‭-81.440830‬ ,11/05/01,,
‭05‬,OH,ARCANUM IRON & METAL,,‭0504287‬,OHD017506171,POP-RITE LN 5MI OFF RTE 49 ,DARKE COUNTY,45304,DARKE,,,N,‭+39.981950‬,‭-84.549160‬ ,08/31/01,,
‭05‬,OH,BOWERS LANDFILL,,‭0504541‬,OHD980509616,ROCK ISLAND ROAD ,CIRCLEVILLE,43113,PICKAWAY,,,N,‭+39.637500‬,‭-82.965280‬ ,10/29/97,,
‭05‬,OH,CHEMICAL & MINERALS RECLAMATION,,‭0504722‬,OHD980614549,5418 CRESCENT AVENUE ,CLEVELAND,44102,CUYAHOGA,,,N,‭+41.490360‬,‭-81.725030‬ ,12/30/82,,
‭05‬,OH,COSHOCTON LANDFILL,,‭0504558‬,OHD980509830,ST RTE 83 ,FRANKLIN TOWNSHIP,43812,COSHOCTON,,,N,‭+40.225000‬,‭-81.848610‬ ,10/07/98,,
‭05‬,OH,LASKIN/POPLAR OIL CO.,,‭0504401‬,OHD061722211,717 N POPLAR STREET ,JEFFERSON TOWNSHIP,44047,ASHTABULA,,,N,‭+41.743600‬,‭-080.781500‬ ,09/05/00,,
‭05‬,OH,REPUBLIC STEEL CORP. QUARRY,,‭0504850‬,OHD980903447,525 15TH STREET ,ELYRIA,44035,LORAIN,,,N,‭+41.356180‬,‭-082.117830‬ ,11/12/02,,
‭05‬,WI,EAU CLAIRE MUNICIPAL WELL FIELD,,‭0505164‬,WID980820054,SEC5 T27N R9W ,EAU CLAIRE,54701,EAU CLAIRE,,,N,‭+44.853330‬,‭-91.503330‬ ,05/27/14,,
‭05‬,WI,FADROWSKI DRUM DISPOSAL,,‭0505178‬,WID980901227,6800 S 27TH ST ,FRANKLIN,53132,MILWAUKEE,,,N,‭+42.920700‬,‭-87.952450‬ ,09/06/05,,
‭05‬,WI,NORTHERN ENGRAVING CO.,,‭0505007‬,WID006183826,803 S BLACK RIVER ST ,SPARTA,54656,MONROE,,,N,‭+43.934430‬,‭-090.814450‬ ,10/29/97,,
‭05‬,WI,OMEGA HILLS NORTH LANDFILL,,‭0504952‬,WID000808568,W124 N9451 BOUNDARY ROAD ,GERMANTOWN,53022,WASHINGTON,,,N,‭+43.194430‬,‭-088.072210‬ ,12/11/96,,
‭05‬,WI,TOMAH FAIRGROUNDS,,‭0505142‬,WID980616841,1MI S OF LAKE TOMAH ,TOMAH,54660,MONROE,,,N,‭+43.970810‬,‭-090.519830‬ ,08/20/01,,
‭05‬,WI,WASTE RESEARCH & RECLAMATION CO.,,‭0505256‬,WID990829475,ROUTE 7 ,EAU CLAIRE,54701,EAU CLAIRE,,,N,‭+44.756660‬,‭-091.458330‬ ,02/05/93,,
‭05‬,WI,WHEELER PIT,,‭0505115‬,WID980610620,CO TRK O & CO TRK J ,LA PRAIRIE TOWNSHIP,53545,ROCK,,,N,‭+42.666660‬,‭-088.980550‬ ,04/20/04,,
‭06‬,AR,CECIL LINDSEY,,‭0600151‬,ARD980496186,SEC 32 T12N R2W ,NEWPORT,72112,JACKSON,,,N,‭+35.634900‬,‭-91.225500‬ ,09/22/89,,
‭06‬,AR,FRIT INDUSTRIES,,‭0600106‬,ARD059636456,INDUSTRIAL PARK ,WALNUT RIDGE,72476,LAWRENCE,,,N,‭+36.105000‬,‭-90.941660‬ ,10/14/97,,
‭06‬,AR,GURLEY PIT,,‭0600077‬,ARD035662469,1 MI N OF EDMONDSON ,EDMONDSEN,72332,CRITTENDEN,,,N,‭+35.120900‬,‭-90.311600‬ ,11/06/03,,
‭06‬,AR,INDUSTRIAL WASTE CONTROL,,‭0600163‬,ARD980496368,BONANZA ROAD ,FORT SMITH,72901,SEBASTIAN,,,N,‭+35.240200‬,‭-94.352500‬ ,04/07/08,,
‭06‬,AR,JACKSONVILLE MUNICIPAL LANDFILL,,‭0600236‬,ARD980809941,GRAHAM RD ,JACKSONVILLE,72076,LONOKE,,,N,‭+34.863330‬,‭-92.071660‬ ,03/14/00,,
‭06‬,AR,MONROE AUTO EQUIPMENT CO. (PARAGOULD PIT),,‭0600246‬,ARD980864110,HWY 358 2 1/2 MI W OF TOWN ,PARAGOULD,72450,GREENE,,,N,‭+36.020830‬,‭-90.575000‬ ,09/29/14,,
‭06‬,AR,ROGERS ROAD MUNICIPAL LANDFILL,,‭0600269‬,ARD981055809,ROGER RD 2/10MI S OF GRAHAM RD ,JACKSONVILLE,72076,PULASKI,,,N,‭+34.862700‬,‭-92.077800‬ ,10/12/10,,
‭06‬,AR,SOUTH 8TH STREET LANDFILL,,‭0600184‬,ARD980496723,SOUTH EIGHTH STREET ,WEST MEMPHIS,72301,CRITTENDEN,,,N,‭+35.124440‬,‭-90.169440‬ ,09/28/04,,
‭06‬,LA,BAYOU SORREL,,‭0600573‬,LAD980745541,CNFLNCE PAT BAYOU & UPR GRAND ,BAYOU SORREL,70764,IBERVILLE,,,N,‭+30.224400‬,‭-91.409500‬ ,09/29/97,,
‭06‬,LA,CENTRAL WOOD PRESERVING CO.,,‭0604527‬,LAD008187940,N AND S OF STATE HW 959 & EAST OF HW 67 ,SLAUGHTER,70722,EAST FELICIANA,,,N,‭+30.758880‬,‭-91.009440‬ ,09/18/09,,
‭06‬,LA,CLEVE REBER,,‭0600512‬,LAD980501456,SEC 36 T10S R3E ,SORRENTO,70778,ASCENSION,,,N,‭+30.155000‬,‭-90.873330‬ ,12/30/97,,
‭06‬,LA,"D.L. MUD, INC.",,‭0600647‬,LAD981058019,408 SOUTHEAST ST./LA HWY 335 ,ABBEVILLE,70510,VERMILION,,,N,‭+29.955500‬,‭-92.186700‬ ,03/07/00,,
‭06‬,LA,DELATTE METALS,,‭0600428‬,LAD052510344,1541 WEINBERGER ROAD ,PONCHATOULA,70454,TANGIPAHOA,,,N,‭+30.422500‬,‭-90.410830‬ ,08/08/05,,
‭06‬,LA,DUTCHTOWN TREATMENT PLANT,,‭0600633‬,LAD980879449,I10 & HWY 74 ,ASCENSION PARISH,70734,ASCENSION,,,N,‭+30.256660‬,‭-90.980000‬ ,11/16/99,,
‭06‬,LA,GULF COAST VACUUM SERVICES,,‭0600592‬,LAD980750137,P-7-31 OFF LA335 ,ABBEVILLE,70510,VERMILION,,,N,‭+29.958100‬,‭-92.185700‬ ,07/23/01,,
‭06‬,LA,MALLARD BAY LANDING BULK PLANT,,‭0604848‬,LA0000187518,0.6 MI. FROM CAMERON PARISH RD (PR) 109 ,GRAND CHENIERE,70542,CAMERON,,,N,‭+29.934010‬,‭-92.655460‬ ,09/19/05,,
‭06‬,LA,OLD INGER OIL REFINERY,,‭0600572‬,LAD980745533,HWY 75 4 1/2 MI N OF TOWN ,DARROW,70725,ASCENSION,,,N,‭+30.164700‬,‭-90.995500‬ ,08/12/08,,
‭06‬,LA,"PAB OIL & CHEMICAL SERVICE, INC.",,‭0600576‬,LAD980749139,607 JEAN EDIAS ,ABBEVILLE,70510,VERMILION,,,N,‭+30.015900‬,‭-92.115400‬ ,01/03/00,,
‭06‬,LA,RUSTON FOUNDRY,,‭0604348‬,LAD985185107,1010 BOGAN STREET ,ALEXANDRIA,71302,RAPIDES,,,N,‭+31.297220‬,‭-92.439580‬ ,07/13/10,,
‭06‬,LA,SOUTHERN SHIPBUILDING,,‭0601494‬,LAD008149015,999 CANULETTE ROAD ,SLIDELL,70459,ST. TAMMANY,,,N,‭+30.272500‬,‭-89.800830‬ ,06/16/98,,
‭06‬,NM,AT & SF (CLOVIS),,‭0600827‬,NMD043158591,SEC 18 & 19 T2N R36E ,CLOVIS,88101,CURRY,,,N,‭+34.378330‬,‭-103.211700‬ ,03/17/03,,
‭06‬,NM,CAL WEST METALS (USSBA),,‭0604050‬,NMD097960272,I-25 & US60 & 85 W FRONTAGE ,LEMITAR,87823,SOCORRO,,,Y,‭+34.163330‬,‭-106.920100‬ ,12/20/96,,
‭06‬,NM,CLEVELAND MILL,,‭0600952‬,NMD981155930,"FOREST ROUTE 804, 1.5 MI ",SILVER CITY,88062,GRANT,,,N,‭+32.862600‬,‭-108.255800‬ ,07/23/01,,
‭06‬,NM,PAGANO SALVAGE,,‭0600907‬,NMD980749980,UNKNOWN ,LOS LUNAS,87031,VALENCIA,,,N,‭+34.789600‬,‭-106.720500‬ ,10/14/92,,
‭06‬,OK,COMPASS INDUSTRIES (AVERY DRIVE),,‭0601258‬,OKD980620983,7600 W 26TH ST ,TULSA,74107,TULSA,,,N,‭+36.126380‬,‭-96.083330‬ ,07/18/02,,
‭06‬,OK,DOUBLE EAGLE REFINERY CO.,,‭0601029‬,OKD007188717,301 N RHODE ISLAND ,OKLAHOMA CITY,73152,OKLAHOMA,,,N,‭+35.468330‬,‭-97.478330‬ ,08/21/08,,
‭06‬,OK,FOURTH STREET ABANDONED REFINERY,,‭0601297‬,OKD980696470,22OO BLOCK NE 4TH ,OKLAHOMA CITY,73117,OKLAHOMA,,,N,‭+35.470270‬,‭-97.473050‬ ,08/21/08,,
‭06‬,OK,IMPERIAL REFINING COMPANY,,‭0605091‬,OK0002024099,EAST OF REFINERY ROAD/S. HWY 42 ,ARDMORE,73402,CARTER,,,N,‭+34.195480‬,‭-97.107930‬ ,09/19/13,,
‭06‬,OK,MOSLEY ROAD SANITARY LANDFILL,,‭0601251‬,OKD980620868,MOSELEY RD BTWN NE 23 & NE 36 ,OKLAHOMA CITY,73117,OKLAHOMA,,,N,‭+35.502500‬,‭-97.414860‬ ,09/26/13,,
‭06‬,OK,SAND SPRINGS PETROCHEMICAL COMPLEX,,‭0601357‬,OKD980748446,2 BLKS S 198 E MORRO ,SAND SPRINGS,74063,TULSA,,,N,‭+36.130830‬,‭-96.101380‬ ,03/17/00,,
‭06‬,OK,TENTH STREET DUMP/JUNKYARD,,‭0601256‬,OKD980620967,3200 NE 10TH ST ,OKLAHOMA CITY,73111,OKLAHOMA,,,N,‭+35.478050‬,‭-97.451930‬ ,11/21/00,,
‭06‬,TX,BAILEY WASTE DISPOSAL,,‭0602911‬,TXD980864649,HWY 87 S @ RAINBOW BRIDGE ,BRIDGE CITY,77611,ORANGE,,,N,‭+29.990550‬,‭-93.879160‬ ,10/15/07,,
‭06‬,TX,"BIO-ECOLOGY SYSTEMS, INC.",,‭0602464‬,TXD980340889,4100 E JEFFERSON ,GRAND PRAIRIE,75051,DALLAS,,,N,‭+32.743330‬,‭-96.936660‬ ,08/05/96,,
‭06‬,TX,"BRIO REFINING, INC.",,‭0602601‬,TXD980625453,2501 DIXIE FARM ROAD ,FRIENDSWOOD,77089,HARRIS,,,N,‭+29.570000‬,‭-95.203330‬ ,12/28/06,,
‭06‬,TX,CRYSTAL CITY AIRPORT,,‭0602920‬,TXD980864763,101 E DIMMIT ,CRYSTAL CITY,78839,ZAVALA,,,N,‭+28.696900‬,‭-99.817600‬ ,03/23/95,,
‭06‬,TX,"DIXIE OIL PROCESSORS, INC.",,‭0600006‬,TXD089793046,2505 CHOATE RD ,FRIENDSWOOD,77546,HARRIS,,,N,‭+29.568600‬,‭-95.204700‬ ,08/21/06,,
‭06‬,TX,HARRIS (FARLEY STREET),,‭0602804‬,TXD980745582,1000'S OF GENOA RED BLUFF RD ,HOUSTON,77034,HARRIS,,,N,‭+29.624400‬,‭-95.162700‬ ,04/18/88,,
‭06‬,TX,ODESSA CHROMIUM #2 (ANDREWS HIGHWAY),,‭0602703‬,TXD980697114,5201 ANDREWS HWY ,ODESSA,79762,ECTOR,,,N,‭+31.893400‬,‭-102.390500‬ ,07/19/04,,
‭06‬,TX,PALMER BARGE LINE,,‭0605212‬,TXD068104561,8700 FERRY ROAD ,PORT ARTHUR,77640,JEFFERSON,,,N,‭+29.961450‬,‭-93.855080‬ ,02/06/12,,
‭06‬,TX,PESSES CHEMICAL CO.,,‭0602800‬,TXD980699656,2301 S MAIN ST ,FORT WORTH,76110,TARRANT,,,N,‭+32.717400‬,‭-97.325600‬ ,09/28/95,,
‭06‬,TX,STATE MARINE OF PORT ARTHUR,,‭0602444‬,TXD099801102,OLD YATCH CLUB ROAD ON PLEASURE ISLET ,JEFFERSON COUNTY,77642,JEFFERSON,,,N,‭+29.960830‬,‭-93.859160‬ ,02/06/12,,
‭06‬,TX,"STEWCO, INC.",,‭0602033‬,TXD055337281,FM 9 1 & 1/2 MI S OF I-20 ,WASKOM,75692,HARRISON,,,N,‭+32.465830‬,‭-94.069160‬ ,10/04/95,,
‭06‬,TX,TRIANGLE CHEMICAL CO.,,‭0602026‬,TXD055143705,HWY 87 3 MI N OF TOWN ,BRIDGE CITY,77611,ORANGE,,,N,‭+30.058000‬,‭-93.809300‬ ,04/08/97,,
‭07‬,IA,AIDEX CORP.,,‭0700155‬,IAD042581256,I-29 & HIGHWAY 370 ,MINEOLA,51554,MILLS,,,N,‭+41.143330‬,‭-095.813330‬ ,10/21/93,,
‭07‬,IA,"E.I. DU PONT DE NEMOURS & CO., INC. (COUNTY ROAD X23)",,‭0700312‬,IAD980685804,FF X23 3.5 MI S OF ,WEST POINT,52656,LEE,,,N,‭+40.655830‬,‭-091.434710‬ ,09/25/95,,
‭07‬,IA,FARMERS' MUTUAL COOPERATIVE,,‭0700137‬,IAD022193577,HWY 60 & PINE ST ,HOSPERS,51238,SIOUX,,,N,‭+43.074160‬,‭-95.905000‬ ,11/13/01,,
‭07‬,IA,JOHN DEERE (OTTUMWA WORKS LANDFILLS),,‭0700110‬,IAD005291182,VINE & MADISON ,OTTUMWA,52501,WAPELLO,,,N,‭+41.002500‬,‭-92.409710‬ ,01/22/01,,
‭07‬,IA,LABOUNTY,,‭0700286‬,IAD980631063,910 S GRAND AVE ,CHARLES CITY,50616,FLOYD,,,N,‭+43.058000‬,‭-92.669600‬ ,10/06/93,,
‭07‬,IA,MID-AMERICA TANNING CO.,,‭0700204‬,IAD085824688,PORT NEAL ROAD ,SERGEANT BLUFF,51054,WOODBURY,,,N,‭+42.337500‬,‭-96.352210‬ ,09/24/04,,
‭07‬,IA,NORTHWESTERN STATES PORTLAND CEMENT CO.,,‭0700324‬,IAD980852461,SEC 33 T97N R20W ,MASON CITY,50401,CERRO GORDO,,,N,‭+43.175000‬,‭-93.205000‬ ,08/31/95,,
‭07‬,IA,RED OAK CITY LANDFILL,,‭0700297‬,IAD980632509,US 34 HWY 48 1 MI W ON HWY 34 ,RED OAK,51566,MONTGOMERY,,,N,‭+41.036440‬,‭-95.249110‬ ,09/26/05,,
‭07‬,IA,SHELLER-GLOBE CORP. DISPOSAL,,‭0700260‬,IAD980630750,AIRPORT RD (34OTH ST) AND 260TH AVENUE ,KEOKUK,52632,LEE,,,N,‭+40.466600‬,‭-91.413900‬ ,09/24/01,,
‭07‬,IA,WHITE FARM EQUIPMENT CO. DUMP,,‭0700181‬,IAD065210734,S.E. CORNER OF KELLOGG AVENUE AND ROTARY PARK ROAD,CHARLES CITY,50616,FLOYD,,,N,‭+43.085000‬,‭-92.680780‬ ,10/30/00,,
‭07‬,KS,29TH & MEAD GROUND WATER CONTAMINATION,,‭0700496‬,KSD007241656,412 E 29TH N 26S 1E SW 1/4 S 33 ,WICHITA,67219,SEDGWICK,,,N,‭+37.733600‬,‭-097.326600‬ ,04/29/96,,
‭07‬,KS,ARKANSAS CITY DUMP,,‭0700559‬,KSD980500789,HWY 166 S ,ARKANSAS CITY,67005,COWLEY,,,N,‭+37.051660‬,‭-097.051660‬ ,03/01/96,,
‭07‬,KS,BIG RIVER SAND CO.,,‭0700663‬,KSD980686174,4900 W 21ST ,WICHITA,67205,SEDGWICK,,,N,‭+37.726110‬,‭-097.400830‬ ,10/14/92,,
‭07‬,KS,HYDRO-FLEX INC.,,‭0700468‬,KSD007135429,2101 NW BRICKYARD RD ,TOPEKA,66618,SHAWNEE,,,N,‭+39.086930‬,‭-095.726110‬ ,11/09/93,,
‭07‬,KS,JOHNS' SLUDGE POND,,‭0700602‬,KSD980631980,29TH ST NE OF HYDRAULIC ,WICHITA,67212,SEDGWICK,,,N,‭+37.737100‬,‭-097.315600‬ ,01/06/92,,
‭07‬,MO,KEM-PEST LABORATORIES,,‭0701151‬,MOD980631113,E OF ST HWY 177 ,CAPE GIRARDEAU,63701,CAPE GIRARDEAU,,,N,‭+37.339610‬,‭-89.489440‬ ,09/20/01,,
‭07‬,MO,NORTH-U DRIVE WELL CONTAMINATION,,‭0700878‬,MOD007163108,OLD HWY 13 RT 5 ,SPRINGFIELD,65801,GREENE,,,N,‭+37.271380‬,‭-93.317780‬ ,09/08/94,,
‭07‬,MO,SHENANDOAH STABLES,,‭0701266‬,MOD980685838,W 1/2 NE 1/4 SEC 17 T48N R1E ,MOSCOW MILLS,63362,LINCOLN,,,N,‭+38.924450‬,‭-90.926930‬ ,09/25/01,,
‭07‬,MO,TIMES BEACH,,‭0701237‬,MOD980685226,VARIOUS UNPAVED STREETS ,TIMES BEACH,63025,ST. LOUIS,,,N,‭+38.508330‬,‭-90.601660‬ ,09/25/01,,
‭07‬,MO,"WHEELING DISPOSAL SERVICE CO., INC., LANDFILL",,‭0700780‬,MOD000830554,OFF HWY K 1 1/2 MI S OF ,AMAZONIA,64421,ANDREW,,,N,‭+39.875000‬,‭-94.870000‬ ,10/30/00,,
‭07‬,NE,WAVERLY GROUND WATER CONTAMINATION,,‭0701974‬,NED980862718,SEC 16 T11N R8E ,WAVERLY,68462,LANCASTER,,,N,‭+40.917210‬,‭-96.529430‬ ,11/20/06,,
‭08‬,CO,SAND CREEK INDUSTRIAL,,‭0800260‬,COD980717953,33RD AND DAHLIA ,COMMERCE CITY,80022,ADAMS,,,N,‭+39.791660‬,‭-104.936100‬ ,12/20/96,,
‭08‬,CO,SMUGGLER MOUNTAIN,,‭0800261‬,COD980806277,SPRUCE STREET ,ASPEN,81611,PITKIN,,,N,‭+39.191660‬,‭-106.810700‬ ,09/23/99,,
‭08‬,CO,WOODBURY CHEMICAL CO.,,‭0800244‬,COD980667075,5400 JACKSON ST ,COMMERCE CITY,80022,ADAMS,,,N,‭+39.795000‬,‭-104.942400‬ ,03/22/93,,
‭08‬,ND,ARSENIC TRIOXIDE SITE,,‭0800522‬,NDD980716963,"LIDGERWOOD, RUTLND, WYNDMERE ",SOUTHEAST,58053,,,,N,‭+46.075000‬,‭-097.158330‬ ,07/05/96,,
‭08‬,ND,MINOT LANDFILL,,‭0800527‬,NDD980959548,"S27, T115N, R83W ",MINOT,58701,WARD,,,N,‭+48.218330‬,‭-101.329200‬ ,04/01/97,,
‭08‬,SD,WHITEWOOD CREEK,,‭0800570‬,SDD980717136,18 MI PART OF STREAM ,WHITEWOOD,57793,LAWRENCE,,,N,‭+44.355300‬,‭-103.761500‬ ,08/13/96,,
‭08‬,SD,WILLIAMS PIPE LINE CO. DISPOSAL PIT,,‭0800546‬,SDD000823559,5300 W 12TH ST ,SIOUX FALLS,57107,MINNEHAHA,,,N,‭+43.545300‬,‭-096.795600‬ ,04/02/99,,
‭08‬,UT,INTERNATIONAL SMELTING AND REFINING,,‭0800650‬,UTD093120921,2.5 MILES NE OF TOOELE ,TOOELE,84074,TOOELE,,,N,‭+40.552770‬,‭-112.227220‬ ,10/11/11,,
‭08‬,UT,MIDVALE SLAG,,‭0800641‬,UTD081834277,"JORDAN RIVER, 6400 SOUTH, 700 WEST 7800 SOUTH",MIDVALE,84047,SALT LAKE,,,N,‭+40.618330‬,‭-111.917200‬ ,04/08/15,,
‭08‬,UT,MONTICELLO RADIOACTIVELY CONTAMINATED PROPERTIES,,‭0800679‬,UTD980667208,9 N 3RD E ST ,MONTICELLO,84535,SAN JUAN,,,N,‭+37.863880‬,‭-109.333610‬ ,02/28/00,,
‭08‬,UT,PETROCHEM RECYCLING CORP./EKOTEK PLANT,,‭0800649‬,UTD093119196,1628 N CHICAGO ST ,SALT LAKE CITY,84116,SALT LAKE,,,N,‭+40.802770‬,‭-111.916110‬ ,06/30/03,,
‭08‬,UT,ROSE PARK SLUDGE PIT,,‭0800663‬,UTD980635452,1420 N 1100 W ,SALT LAKE CITY,84116,SALT LAKE,,,N,‭+40.800100‬,‭-111.922300‬ ,06/30/03,,
‭08‬,UT,SHARON STEEL CORP. (MIDVALE TAILINGS),,‭0800694‬,UTD980951388,7800 SOUTH 700 WEST ,MIDVALE,84047,SALT LAKE,,,N,‭+40.608060‬,‭-111.914200‬ ,09/24/04,,
‭08‬,WY,BAXTER/UNION PACIFIC TIE TREATING,,‭0800792‬,WYD061112470,2763 FT SANDERS DR ,LARAMIE,82070,ALBANY,,,N,‭+41.295000‬,‭-105.601700‬ ,12/06/99,,
‭09‬,AS,TAPUTIMU FARM,,‭0900467‬,ASD980637656,TAPUTIMU ISLAND OF TUTUILA ,PAGO PAGO,96799,,,,N,‭-14.360100‬,‭-170.772000‬ ,03/07/86,,
‭09‬,AZ,LUKE AIR FORCE BASE,,‭0900884‬,AZ0570024133,S RT 8 YUMA THRU GILA BEND ,GLENDALE,85309,MARICOPA,,,Y,‭+33.540000‬,‭-112.356700‬ ,04/22/02,,
‭09‬,AZ,MOUNTAIN VIEW MOBILE HOME ESTATES,,‭0900679‬,AZD980735724,RTE 77 ,GLOBE,85501,GILA,,,N,‭+33.372800‬,‭-110.733200‬ ,04/18/88,,
‭09‬,AZ,NINETEENTH AVENUE LANDFILL,,‭0900648‬,AZD980496780,19TH AVE ,PHOENIX,85041,MARICOPA,,,N,‭+33.416660‬,‭-112.091700‬ ,09/25/06,,
‭09‬,CA,CELTOR CHEMICAL WORKS,,‭0901938‬,CAD980638860,BETW NORTON FLD & TRINITY RIV ,HOOPA,95546,HUMBOLDT,,,N,‭+41.102700‬,‭-123.691100‬ ,09/30/03,,
‭09‬,CA,COALINGA ASBESTOS MINE,,‭0902075‬,CAD980817217,PINE CYN 15 MI NW OF ,COALINGA,93210,FRESNO,,,N,‭+36.310000‬,‭-120.528300‬ ,04/24/98,,
‭09‬,CA,DEL NORTE PESTICIDE STORAGE,,‭0900923‬,CAD000626176,2650 WASHINGTON BLVD ,CRESCENT CITY,95531,DEL NORTE,,,N,‭+41.773330‬,‭-124.231700‬ ,09/18/02,,
‭09‬,CA,FIRESTONE TIRE & RUBBER CO. (SALINAS PLANT),,‭0902617‬,CAD990793887,340 EL CAMINO REAL S ,SALINAS,93901,MONTEREY,,,N,‭+36.624900‬,‭-121.590100‬ ,04/21/05,,
‭09‬,CA,JIBBOOM JUNKYARD,,‭0902040‬,CAD980737613,240 - 260 JIBBOOM ST ,SACRAMENTO,95814,SACRAMENTO,,,N,‭+38.591660‬,‭-121.503300‬ ,09/10/91,,
‭09‬,CA,LIQUID GOLD OIL CORP.,,‭0902660‬,CAT000646208,HOFFMAN BLVD & S 47TH ST ,RICHMOND,94804,CONTRA COSTA,,,N,‭+37.908330‬,‭-122.325000‬ ,09/11/96,,
‭09‬,CA,LOUISIANA-PACIFIC CORP.,,‭0901513‬,CAD065021594,HWY 70 GEORGIA PACIFIC WAY ,OROVILLE,95965,BUTTE,,,N,‭+39.474300‬,‭-121.570300‬ ,11/21/96,,
‭09‬,CA,RALPH GRAY TRUCKING CO.,,‭0902521‬,CAD981995947,SOWELL AVE & GOLDEN WEST ST ,WESTMINSTER,92683,ORANGE,,,N,‭+33.750000‬,‭-118.000000‬ ,09/28/04,,
‭09‬,CA,SAN FERNANDO VALLEY (AREA 3),,‭0902254‬,CAD980894984,GLORIETTA WELLFIELD AREA ,GLENDALE,91209,LOS ANGELES,,,N,‭+34.205129‬,‭-118.230893‬ ,10/12/04,,
‭09‬,CA,"SOLA OPTICAL USA, INC.",,‭0902280‬,CAD981171523,3600 LAKEVILLE HWY ,PETALUMA,94952,SONOMA,,,N,‭+38.233200‬,‭-122.593100‬ ,10/31/13,,
‭09‬,CA,SOUTHERN CALIFORNIA EDISON CO. (VISALIA POLEYARD),,‭0902061‬,CAD980816466,432 BEN MADDOX WAY ,VISALIA,93277,TULARE,,,N,‭+36.333330‬,‭-119.276700‬ ,09/26/09,,
‭09‬,CA,T.H. AGRICULTURE & NUTRITION CO.,,‭0901128‬,CAD009106220,7183 E MCKINLEY AVE ,FRESNO,93727,FRESNO,,,N,‭+36.764720‬,‭-119.660500‬ ,08/21/06,,
‭09‬,CA,WESTERN PACIFIC RAILROAD CO.,,‭0902249‬,CAD980894679,SEC 19 T19N R4E 2 MI S OF ,OROVILLE,95965,BUTTE,,,N,‭+39.483060‬,‭-121.552500‬ ,08/29/01,,
‭09‬,FM,PCB WASTES,,‭0903062‬,FMD980637987,"PALAU,YAP,TRUK,PONAPE,KOSARE ",PALAU,96950,,,,N,‭+7.416660‬,‭-151.783720‬ ,03/07/86,,
‭09‬,HI,SCHOFIELD BARRACKS (USARMY),,‭0902923‬,HI7210090026,SCHOFIELD BARRACKS (USARMY) ,SCHOFIELD,96857,HONOLULU,,,Y,‭+21.490690‬,‭-158.030130‬ ,08/10/00,,
‭09‬,MP,PCB WAREHOUSE,,‭0902806‬,MPD980798318,LOWER BASE 1000/PHILIPINE SEA ,GARAPAN,96950,SAIPAN,,,N,‭+15.211800‬,‭+145.720000‬ ,03/07/86,,
‭10‬,AK,ALASKA BATTERY ENTERPRISES,,‭1000017‬,AKD004904215,157 OLD RICHARDSON HIGHWAY ,FAIRBANKS,99701,FAIRBANKS NORTH STAR,,,N,‭+64.820300‬,‭-147.703800‬ ,07/26/96,,
‭10‬,AK,ARCTIC SURPLUS,,‭1000082‬,AKD980988158,BADGER RD AND OLD RICHARDSON WAY MI. 6 ,FAIRBANKS,99701,,,,N,‭+64.812200‬,‭-147.564300‬ ,09/25/06,,
‭10‬,AK,STANDARD STEEL & METAL SALVAGE YARD (USDOT),,‭1000073‬,AKD980978787,2400 RAILROAD AVENUE ,ANCHORAGE,99501,ANCHORAGE,,,Y,‭+61.227900‬,‭-149.832400‬ ,09/30/02,,
‭10‬,ID,ARRCOM (DREXLER ENTERPRISES),,‭1000174‬,IDD000800961,"STATE HIGHWAY 53, 2.8 MI SW OF CY ",RATHDRUM,83858,KOOTENAI,,,N,‭+47.784700‬,‭-116.945800‬ ,12/23/92,,
‭10‬,ID,PACIFIC HIDE & FUR RECYCLING CO.,,‭1000219‬,IDD098812878,3575 HWY 30 W ,POCATELLO,83201,BANNOCK,,,N,‭+42.895700‬,‭-112.486000‬ ,11/04/99,,
‭10‬,ID,UNION PACIFIC RAILROAD CO.,,‭1000201‬,IDD055030852,300 S HARRISON ,POCATELLO,83201,BANNOCK,,,N,‭+42.895400‬,‭-112.487600‬ ,09/22/97,,
‭10‬,OR,"ALLIED PLATING, INC.",,‭1000373‬,ORD009051442,8135 NE UNION AV ,PORTLAND,97211,MULTNOMAH,,,N,‭+45.583330‬,‭-122.661700‬ ,11/14/94,,
‭10‬,OR,"GOULD, INC.",,‭1000455‬,ORD095003687,5909 NW 61ST AV ,PORTLAND,97208,MULTNOMAH,,,N,‭+45.569200‬,‭-122.748300‬ ,09/30/02,,
‭10‬,OR,HARBOR OIL INC.,,‭1000442‬,ORD071803985,AKA CHEMPRO OF OREGON INC 11535 N FORCE ST,PORTLAND,97217,MULTNOMAH,,,N,‭+45.606380‬,‭-122.691380‬ ,06/05/14,,
‭10‬,OR,JOSEPH FOREST PRODUCTS,,‭1000438‬,ORD068782820,RUSSELL LANE 1 MI OFF HWY 82 ,JOSEPH,97846,WALLOWA,,,N,‭+45.359430‬,‭-117.247200‬ ,11/04/99,,
‭10‬,OR,MARTIN-MARIETTA ALUMINUM CO.,,‭1000424‬,ORD052221025,3313 W 2ND ST ,THE DALLES,97058,WASCO,,,N,‭+45.624430‬,‭-121.205600‬ ,07/05/96,,
‭10‬,WA,ALCOA (VANCOUVER SMELTER),,‭1000597‬,WAD009045279,5509 LOWER RIVER RD ,VANCOUVER,98660,CLARK,,,N,‭+45.649430‬,‭-122.731800‬ ,09/30/96,,
‭10‬,WA,BONNEVILLE POWER ADMINISTRATION ROSS COMPLEX (USDOE),,‭1001106‬,WA1891406349,5411 NE HWY 99 ,VANCOUVER,98666,CLARK,,,Y,‭+45.661600‬,‭-122.657200‬ ,09/23/96,,
‭10‬,WA,FORT LEWIS (LANDFILL NO. 5),,‭1001137‬,WA9214053465,ATTN: AFZH-FEQ 11 MI E OF OLYMPIA,TACOMA,98433,PIERCE,,,Y,‭+47.119410‬,‭-122.630000‬ ,05/22/95,,
‭10‬,WA,HAMILTON ISLAND LANDFILL (USA/COE),,‭1001123‬,WA5210890096,BONNEVILLE LOCK & DAM ,NORTH BONNEVILLE,98648,SKAMANIA,,,Y,‭+45.629580‬,‭-121.985000‬ ,05/25/95,,
‭10‬,WA,HANFORD 1100-AREA (USDOE),,‭1001118‬,WA4890090075,1100 AREA ,BENTON COUNTY,99352,BENTON,,,Y,‭+46.323100‬,‭-119.284800‬ ,09/30/96,,
‭10‬,WA,MCCHORD AIR FORCE BASE (WASH RACK/TREATMENT AREA),,‭1001133‬,WA8570024200,MERIDIAN ST - 62ABG/DEEV ,TACOMA,98438,PIERCE,,,Y,‭+47.141110‬,‭-122.488900‬ ,09/26/96,,
‭10‬,WA,"NAVAL AIR STATION, WHIDBEY ISLAND (SEAPLANE BASE)",,‭1001127‬,WA6170090058,1 MI NE OF E PIONEER WAY & TORPEDO INTSC ,WHIDBEY ISLAND,98278,ISLAND,,,Y,‭+48.299450‬,‭-122.613300‬ ,09/21/95,,
‭10‬,WA,NORTHWEST TRANSFORMER,,‭1001003‬,WAD980833974,6882 MISSION ST ,EVERSON,98247,WHATCOM,,,N,‭+48.890500‬,‭-122.353400‬ ,09/28/99,,
‭10‬,WA,NORTHWEST TRANSFORMER (SOUTH HARKNESS STREET),,‭1000682‬,WAD027315621,107 S HARKNESS ,EVERSON,98247,WHATCOM,,,N,‭+48.919700‬,‭-122.343100‬ ,09/26/97,,
‭10‬,WA,OLD INLAND PIT,,‭1001074‬,WAD980982557,N SULLIVAN RD & KIERNAN RD ,SPOKANE,99216,SPOKANE,,,N,‭+47.689710‬,‭-117.198300‬ ,08/31/99,,
‭10‬,WA,PESTICIDE LAB (YAKIMA),,‭1000815‬,WAD120513957,3706 W NOB HILL RD ,YAKIMA,98902,YAKIMA,,,N,‭+46.584600‬,‭-120.555600‬ ,09/01/93,,
‭10‬,WA,PORT HADLOCK DETACHMENT (USNAVY),,‭1001117‬,WA4170090001,Postal Address is unavailable for the Site ,INDIAN ISLAND,98358,JEFFERSON,,,Y,‭+48.083470‬,‭-122.729580‬ ,06/14/05,,
‭10‬,WA,SILVER MOUNTAIN MINE,,‭1000948‬,WAD980722789,"SEC 34, T38N, R26E, WM ",LOOMIS,98827,OKANOGAN,,,N,‭+48.745000‬,‭-119.557000‬ ,09/22/97,,
‭10‬,WA,SPOKANE JUNKYARD/ASSOCIATED PROPERTIES,,‭1001090‬,WAD981767296,N 3322 COOK ST. ,SPOKANE,99207,SPOKANE,,,N,‭+47.689440‬,‭-117.370820‬ ,09/23/97,,
‭10‬,WA,TOFTDAHL DRUMS,,‭1000961‬,WAD980723506,22033 NE 189 ST ,BRUSH PRAIRIE,98606,CLARK,,,N,‭+45.754900‬,‭-122.446400‬ ,12/23/88,,
‭10‬,WA,TULALIP LANDFILL,,‭1000878‬,WAD980639256,TULALIP INDIAN RESERVATION ,MARYSVILLE,98270,SNOHOMISH,,,N,‭+48.041660‬,‭-122.182220‬ ,09/18/02,,
‭10‬,WA,YAKIMA PLATING CO.,,‭1000705‬,WAD040187890,1804 S 3RD AV ,YAKIMA,98902,YAKIMA,,,N,‭+46.572300‬,‭-120.508900‬ ,08/23/94,,
Total: 393,,,,,,,,,,,,,,,,,
,,,,,,,,,,,,,,,,,
